id,Title,Type,Quality,Size,Movement,Property,AddProperty,Army,TwoHex,Color,LegionId,Game,Scenario
Africa1-EL-Africa,Africa 1,EL,5,5,7,Javelist,,Africa,,silver,,Alexander,basic
Africa2-EL-Africa,Africa 2,EL,5,5,7,Javelist,,Africa,,silver,,Alexander,basic
Africa3-EL-Africa,Africa 3,EL,5,5,7,Javelist,,Africa,,silver,,Alexander,basic
Africa4-EL-Africa,Africa 4,EL,5,5,7,Javelist,,Africa,,silver,,Alexander,basic
Africa5-EL-Africa,Africa 5,EL,5,5,7,Javelist,,Africa,,silver,,Alexander,basic
Africa6-EL-Africa,Africa 6,EL,5,5,7,Javelist,,Africa,,silver,,Alexander,basic
Africa7-EL-Africa,Africa 7,EL,5,5,7,Javelist,,Africa,,silver,,Alexander,basic
Africa8-EL-Africa,Africa 8,EL,5,5,7,Javelist,,Africa,,silver,,Alexander,basic
Africa9-EL-Africa,Africa 9,EL,5,5,7,Javelist,,Africa,,silver,,Alexander,basic
Africa10-EL-Africa,Africa 10,EL,5,5,7,Javelist,,Africa,,silver,,Alexander,basic
Africa11-EL-Africa,Africa 11,EL,5,5,7,Javelist,,Africa,,silver,,Alexander,basic
Africa12-EL-Africa,Africa 12,EL,5,5,7,Javelist,,Africa,,silver,,Alexander,basic
Africa13-EL-Africa,Africa 13,EL,5,5,7,Javelist,,Africa,,silver,,Alexander,basic
Africa14-EL-Africa,Africa 14,EL,5,5,7,Javelist,,Africa,,silver,,Alexander,basic
Africa15-EL-Africa,Africa 15,EL,5,5,7,Javelist,,Africa,,silver,,Alexander,basic
Africa16-EL-Africa,Africa 16,EL,5,5,7,Javelist,,Africa,,silver,,Alexander,basic
Crthge1-HC-Carthage,Crthge 1,HC,7,5,8,ScrdBnd,,Carthage,,blue,,SPQR,
Crthge2-HC-Carthage,Crthge 2,HC,7,5,8,ScrdBnd,,Carthage,,blue,,SPQR,
Crthge3-HC-Carthage,Crthge 3,HC,7,5,8,ScrdBnd,,Carthage,,blue,,SPQR,
Crthge4-HC-Carthage,Crthge 4,HC,7,5,8,ScrdBnd,,Carthage,,blue,,SPQR,
Crthge5-HC-Carthage,Crthge 5,HC,7,5,8,ScrdBnd,,Carthage,,blue,,SPQR,
Crthge6-HC-Carthage,Crthge 6,HC,6,4,8,,,Carthage,,blue,,SPQR,
Crthge7-HC-Carthage,Crthge 7,HC,6,4,8,,,Carthage,,blue,,SPQR,
Crthge8-HC-Carthage,Crthge 8,HC,6,4,8,,,Carthage,,blue,,SPQR,
Crthge9-HC-Carthage,Crthge 9,HC,6,4,8,,,Carthage,,blue,,SPQR,
Crthge10-HC-Carthage,Crthge 10,HC,6,4,8,,,Carthage,,blue,,SPQR,
DummyModifier-Dummy-Carthage,Quality Size,Dummy,-1,0,0,,,Carthage,,default,,SPQR,
Bal'ric1-MI-Carthage,Bal'ric 1,MI,4,4,5,,,Carthage,,blue_light,,SPQR,
Bal'ric2-MI-Carthage,Bal'ric 2,MI,4,4,5,,,Carthage,,blue_light,,SPQR,
Bal'ric1-SK-Carthage,Bal'ric 1,SK,3,1,6,Slinger,,Carthage,,blue_light,,SPQR,
Bal'ric2-SK-Carthage,Bal'ric 2,SK,3,1,6,Slinger,,Carthage,,blue_light,,SPQR,
Bal'ric3-SK-Carthage,Bal'ric 3,SK,3,1,6,Slinger,,Carthage,,blue_light,,SPQR,
Bal'ric4-SK-Carthage,Bal'ric 4,SK,3,1,6,Slinger,,Carthage,,blue_light,,SPQR,
Bal'ric5-SK-Carthage,Bal'ric 5,SK,3,1,6,Slinger,,Carthage,,blue_light,,SPQR,
Bal'ric6-SK-Carthage,Bal'ric 6,SK,3,1,6,Slinger,,Carthage,,blue_light,,SPQR,
Bal'ric7-SK-Carthage,Bal'ric 7,SK,3,1,6,Slinger,,Carthage,,blue_light,,SPQR,
Bal'ric8-SK-Carthage,Bal'ric 8,SK,3,1,6,Slinger,,Carthage,,blue_light,,SPQR,
Bal'ric9-SK-Carthage,Bal'ric 9,SK,3,1,6,Slinger,,Carthage,,blue_light,,SPQR,
Bal'ric10-SK-Carthage,Bal'ric 10,SK,3,1,6,Slinger,,Carthage,,blue_light,,SPQR,
Bal'ric11-SK-Carthage,Bal'ric 11,SK,3,1,6,Slinger,,Carthage,,blue_light,,SPQR,
CrtLv1-MI-Carthage,Crt Lv 1,MI,4,4,4,,,Carthage,,blue,,SPQR,
CrtLv2-MI-Carthage,Crt Lv 2,MI,4,4,4,,,Carthage,,blue,,SPQR,
CrtLv3-MI-Carthage,Crt Lv 3,MI,4,4,4,,,Carthage,,blue,,SPQR,
CrtLv4-MI-Carthage,Crt Lv 4,MI,4,4,4,,,Carthage,,blue,,SPQR,
CrtLv5-MI-Carthage,Crt Lv 5,MI,4,4,4,,,Carthage,,blue,,SPQR,
CrtLv6-MI-Carthage,Crt Lv 6,MI,4,4,4,,,Carthage,,blue,,SPQR,
CrtLv7-MI-Carthage,Crt Lv 7,MI,4,4,4,,,Carthage,,blue,,SPQR,
CrtLv8-MI-Carthage,Crt Lv 8,MI,4,4,4,,,Carthage,,blue,,SPQR,
CrtLv9-MI-Carthage,Crt Lv 9,MI,4,4,4,,,Carthage,,blue,,SPQR,
CrtLv10-MI-Carthage,Crt Lv 10,MI,4,4,4,,,Carthage,,blue,,SPQR,
CrtLv11-MI-Carthage,Crt Lv 11,MI,4,4,4,,,Carthage,,blue,,SPQR,
CrtLv12-MI-Carthage,Crt Lv 12,MI,4,4,4,,,Carthage,,blue,,SPQR,
CrtLv13-MI-Carthage,Crt Lv 13,MI,4,4,4,,,Carthage,,blue,,SPQR,
CrtLv14-MI-Carthage,Crt Lv 14,MI,4,4,4,,,Carthage,,blue,,SPQR,
CrtLv15-MI-Carthage,Crt Lv 15,MI,4,4,4,,,Carthage,,blue,,SPQR,
CrtLv16-MI-Carthage,Crt Lv 16,MI,4,4,4,,,Carthage,,blue,,SPQR,
Iberia1-HI-Carthage,Iberia 1,HI,5,7,4,,,Carthage,,blue_light,,SPQR,
Iberia2-HI-Carthage,Iberia 2,HI,5,7,4,,,Carthage,,blue_light,,SPQR,
Iberia3-HI-Carthage,Iberia 3,HI,5,7,4,,,Carthage,,blue_light,,SPQR,
Iberia4-HI-Carthage,Iberia 4,HI,5,7,4,,,Carthage,,blue_light,,SPQR,
Iberia5-HI-Carthage,Iberia 5,HI,5,7,4,,,Carthage,,blue_light,,SPQR,
Iberia6-HI-Carthage,Iberia 6,HI,6,7,4,,,Carthage,,blue_light,,SPQR,
Iberia7-HI-Carthage,Iberia 7,HI,6,7,4,,,Carthage,,blue_light,,SPQR,
Iberia8-HI-Carthage,Iberia 8,HI,6,7,4,,,Carthage,,blue_light,,SPQR,
Iberia9-HI-Carthage,Iberia 9,HI,7,7,4,,,Carthage,,blue_light,,SPQR,
Iberia10-HI-Carthage,Iberia 10,HI,7,7,4,,,Carthage,,blue_light,,SPQR,
IberMerc1-HI-Carthage,IberMerc 1,HI,8,7,4,,,Carthage,,blue_light,,SPQR,
IberMerc2-HI-Carthage,IberMerc 2,HI,8,7,4,,,Carthage,,blue_light,,SPQR,
IberMerc3-HI-Carthage,IberMerc 3,HI,8,7,4,,,Carthage,,blue_light,,SPQR,
IberMerc4-HI-Carthage,IberMerc 4,HI,8,7,4,,,Carthage,,blue_light,,SPQR,
IberMerc5-HI-Carthage,IberMerc 5,HI,8,7,4,,,Carthage,,blue_light,,SPQR,
IberMerc6-HI-Carthage,IberMerc 6,HI,8,7,4,,,Carthage,,blue_light,,SPQR,
IberMerc7-HI-Carthage,IberMerc 7,HI,8,7,4,,,Carthage,,blue_light,,SPQR,
IberMerc8-HI-Carthage,IberMerc 8,HI,8,7,4,,,Carthage,,blue_light,,SPQR,
IberMerc9-HI-Carthage,IberMerc 9,HI,8,7,4,,,Carthage,,blue_light,,SPQR,
IberMerc10-HI-Carthage,IberMerc 10,HI,8,7,4,,,Carthage,,blue_light,,SPQR,
HasdrubalGisgo-Leader-Carthage,Hasdrubal Gisgo,Leader,,,,,,Carthage,,blue,,SPQR,
Hanno-Leader-Carthage,Hanno,Leader,,,,,,Carthage,,green,,SPQR,
Bostar-Leader-Carthage,Bostar,Leader,,,,,,Carthage,,blue,,SPQR,
Himilco-Leader-Carthage,Himilco,Leader,,,,,,Carthage,,blue,,SPQR,
Syphax-Leader-Carthage,Syphax,Leader,,,,,,Carthage,,blue,,SPQR,
Matho-Leader-Carthage,Matho,Leader,,,,,,Carthage,,blue,,SPQR,
PtolemyIV-Leader-Egypt,Ptolemy IV,Leader,6,,,,,Egypt,,turquoise,,SPQR,
Philo-Leader-Egypt,Philo,Leader,6,,,,,Egypt,,turquoise,,SPQR,
Echecratus-Leader-Egypt,Echecratus,Leader,6,,,,,Egypt,,turquoise,,SPQR,
Phoxidas-Leader-Egypt,Phoxidas,Leader,6,,,,,Egypt,,turquoise,,SPQR,
Andromachus-Leader-Egypt,Andromachus,Leader,6,,,,,Egypt,,turquoise,,SPQR,
Eurylochus-Leader-Egypt,Eurylochus,Leader,6,,,,,Egypt,,turquoise,,SPQR,
Polycrates-Leader-Egypt,Polycrates,Leader,6,,,,,Egypt,,turquoise,,SPQR,
Cnopias-Leader-Egypt,Cnopias,Leader,6,,,,,Egypt,,turquoise,,SPQR,
GrcMerc1-HI-Egypt,Grc Merc 1,HI,6,7,5,,,Egypt,,turquoise,,SPQR,
GrcMerc2-HI-Egypt,Grc Merc 2,HI,6,7,5,,,Egypt,,turquoise,,SPQR,
GrcMerc3-HI-Egypt,Grc Merc 3,HI,6,7,5,,,Egypt,,turquoise,,SPQR,
GrcMerc4-HI-Egypt,Grc Merc 4,HI,6,7,5,,,Egypt,,turquoise,,SPQR,
GrcMerc5-HI-Egypt,Grc Merc 5,HI,6,7,5,,,Egypt,,turquoise,,SPQR,
GrcMerc6-HI-Egypt,Grc Merc 6,HI,6,7,5,,,Egypt,,turquoise,,SPQR,
GrcMerc7-HI-Egypt,Grc Merc 7,HI,6,7,5,,,Egypt,,turquoise,,SPQR,
GrcMerc8-HI-Egypt,Grc Merc 8,HI,6,7,5,,,Egypt,,turquoise,,SPQR,
Gaul1-MI-Egypt,Gaul 1,MI,6,5,5,,,Egypt,,turquoise,,SPQR,
Gaul2-MI-Egypt,Gaul 2,MI,6,5,5,,,Egypt,,turquoise,,SPQR,
Gaul3-MI-Egypt,Gaul 3,MI,6,5,5,,,Egypt,,turquoise,,SPQR,
Egypt1-PH-Egypt,Egypt 1,PH,6,10,4,,,Egypt,1,turquoise,,Alexander,basic
Egypt2-PH-Egypt,Egypt 2,PH,6,10,4,,,Egypt,1,turquoise,,Alexander,basic
Egypt3-PH-Egypt,Egypt 3,PH,6,10,4,,,Egypt,1,turquoise,,Alexander,basic
Egypt4-PH-Egypt,Egypt 4,PH,6,10,4,,,Egypt,1,turquoise,,Alexander,basic
Egypt5-PH-Egypt,Egypt 5,PH,6,10,4,,,Egypt,1,turquoise,,Alexander,basic
Egypt6-PH-Egypt,Egypt 6,PH,6,10,4,,,Egypt,1,turquoise,,Alexander,basic
Egypt7-PH-Egypt,Egypt 7,PH,6,10,4,,,Egypt,1,turquoise,,Alexander,basic
Egypt8-PH-Egypt,Egypt 8,PH,6,10,4,,,Egypt,1,turquoise,,Alexander,basic
Macedonia1-PH-Egypt,Macedonia 1,PH,6,10,4,,,Egypt,1,turquoise,,Alexander,basic
Macedonia2-PH-Egypt,Macedonia 2,PH,6,10,4,,,Egypt,1,turquoise,,Alexander,basic
Thrace1-MI-Egypt,Thrace 1,MI,6,5,5,,,Egypt,,turquoise,,SPQR,
Thrace2-MI-Egypt,Thrace 2,MI,6,5,5,,,Egypt,,turquoise,,SPQR,
Thrace3-MI-Egypt,Thrace 3,MI,6,5,5,,,Egypt,,turquoise,,SPQR,
Agema1-HI-Egypt,Agema 1,HI,6,7,5,,,Egypt,,turquoise,,SPQR,
Agema2-HI-Egypt,Agema 2,HI,6,7,5,,,Egypt,,turquoise,,SPQR,
Agema3-HI-Egypt,Agema 3,HI,6,7,5,,,Egypt,,turquoise,,SPQR,
Peltast1-HI-Egypt,Peltast 1,HI,5,7,5,,,Egypt,,turquoise,,SPQR,
Peltast2-HI-Egypt,Peltast 2,HI,5,7,5,,,Egypt,,turquoise,,SPQR,
Lybya1-HI-Egypt,Lybya 1,HI,5,7,5,,,Egypt,,turquoise,,SPQR,
Lybya2-HI-Egypt,Lybya 2,HI,5,7,5,,,Egypt,,turquoise,,SPQR,
Lybya3-HI-Egypt,Lybya 3,HI,5,7,5,,,Egypt,,turquoise,,SPQR,
Thessaly1-HC-Egypt,Thessaly 1,HC,8,5,8,,,Egypt,,turquoise,,SPQR,
Thessaly2-HC-Egypt,Thessaly 2,HC,8,5,8,,,Egypt,,turquoise,,SPQR,
Thessaly3-HC-Egypt,Thessaly 3,HC,8,5,8,,,Egypt,,turquoise,,SPQR,
Thessaly4-HC-Egypt,Thessaly 4,HC,8,5,8,,,Egypt,,turquoise,,SPQR,
Guard1-HC-Egypt,Guard 1,HC,7,5,8,,,Egypt,,turquoise,,SPQR,
Lybya/Egypt1-LC-Egypt,Lybya/Egypt 1,LC,6,5,8,Javelist,,Egypt,,turquoise,,SPQR,
Lybya/Egypt2-LC-Egypt,Lybya/Egypt 2,LC,6,5,8,Javelist,,Egypt,,turquoise,,SPQR,
Lybya/Egypt3-LC-Egypt,Lybya/Egypt 3,LC,6,5,8,Javelist,,Egypt,,turquoise,,SPQR,
Lybya/Egypt4-LC-Egypt,Lybya/Egypt 4,LC,6,5,8,Javelist,,Egypt,,turquoise,,SPQR,
Lybya/Egypt5-LC-Egypt,Lybya/Egypt 5,LC,6,5,8,Javelist,,Egypt,,turquoise,,SPQR,
Sosibus-Leader-Egypt,Sosibus,Leader,6,,,,,Egypt,,turquoise,,SPQR,
Dionysius-Leader-Egypt,Dionysius,Leader,6,,,,,Egypt,,turquoise,,SPQR,
PhalanxSize-Dummy-Egypt,Phalanx Size,Dummy,0,8,0,,,Egypt,,default,,Alexander,basic
India1-EL-India,India 1,EL,6,5,7,Javelist,,India,,green,,SPQR,
India1-LN-India,India 1,LN,6,5,8,,,India,,green,,SPQR,
India1-LC-India,India 1,LC,6,5,8,Javelist,,India,,green,,SPQR,
India1-CH-India,India 1,CH,6,5,7,Javelist,,India,,green,,SPQR,
India10-EL-India,India 10,EL,6,5,7,Javelist,,India,,green,,SPQR,
India11-EL-India,India 11,EL,6,5,7,Javelist,,India,,green,,SPQR,
India12-EL-India,India 12,EL,6,5,7,Javelist,,India,,green,,SPQR,
India13-EL-India,India 13,EL,6,5,7,Javelist,,India,,green,,SPQR,
India14-EL-India,India 14,EL,6,5,7,Javelist,,India,,green,,SPQR,
India15-EL-India,India 15,EL,6,5,7,Javelist,,India,,green,,SPQR,
India16-EL-India,India 16,EL,6,5,7,Javelist,,India,,green,,SPQR,
India17-EL-India,India 17,EL,6,5,7,Javelist,,India,,green,,SPQR,
India18-EL-India,India 18,EL,6,5,7,Javelist,,India,,green,,SPQR,
India19-EL-India,India 19,EL,6,5,7,Javelist,,India,,green,,SPQR,
India2-EL-India,India 2,EL,6,5,7,Javelist,,India,,green,,SPQR,
India2-LN-India,India 2,LN,6,5,8,,,India,,green,,SPQR,
India2-LC-India,India 2,LC,6,5,8,Javelist,,India,,green,,SPQR,
India2-CH-India,India 2,CH,6,5,7,Javelist,,India,,green,,SPQR,
India20-EL-India,India 20,EL,6,5,7,Javelist,,India,,green,,SPQR,
India21-EL-India,India 21,EL,6,5,7,Javelist,,India,,green,,SPQR,
India3-EL-India,India 3,EL,6,5,7,Javelist,,India,,green,,SPQR,
India3-LC-India,India 3,LC,6,5,8,Javelist,,India,,green,,SPQR,
India3-CH-India,India 3,CH,6,5,7,Javelist,,India,,green,,SPQR,
India4-EL-India,India 4,EL,6,5,7,Javelist,,India,,green,,SPQR,
India4-LC-India,India 4,LC,6,5,8,Javelist,,India,,green,,SPQR,
India4-CH-India,India 4,CH,6,5,7,Javelist,,India,,green,,SPQR,
India5-EL-India,India 5,EL,6,5,7,Javelist,,India,,green,,SPQR,
India5-LC-India,India 5,LC,6,5,8,Javelist,,India,,green,,SPQR,
India5-CH-India,India 5,CH,6,5,7,Javelist,,India,,green,,SPQR,
India6-EL-India,India 6,EL,6,5,7,Javelist,,India,,green,,SPQR,
India6-LC-India,India 6,LC,6,5,8,Javelist,,India,,green,,SPQR,
India6-CH-India,India 6,CH,6,5,7,Javelist,,India,,green,,SPQR,
India7-EL-India,India 7,EL,6,5,7,Javelist,,India,,green,,SPQR,
India7-LC-India,India 7,LC,6,5,8,Javelist,,India,,green,,SPQR,
India7-CH-India,India 7,CH,6,5,7,Javelist,,India,,green,,SPQR,
India8-EL-India,India 8,EL,6,5,7,Javelist,,India,,green,,SPQR,
India8-LC-India,India 8,LC,6,5,8,Javelist,,India,,green,,SPQR,
India8-CH-India,India 8,CH,6,5,7,Javelist,,India,,green,,SPQR,
India9-EL-India,India 9,EL,6,5,7,Javelist,,India,,green,,SPQR,
IndiaA1-LI-India,India A1,LI,4,5,5,Archer,,India,,green,,SPQR,
IndiaA2-LI-India,India A2,LI,4,5,5,Archer,,India,,green,,SPQR,
IndiaA3-LI-India,India A3,LI,4,5,5,Archer,,India,,green,,SPQR,
IndiaA4-LI-India,India A4,LI,4,5,5,Archer,,India,,green,,SPQR,
IndiaA5-LI-India,India A5,LI,4,5,5,Archer,,India,,green,,SPQR,
IndiaA6-LI-India,India A6,LI,4,5,5,Archer,,India,,green,,SPQR,
IndiaJ1-LI-India,India J1,LI,5,5,5,Javelist,,India,,green,,SPQR,
IndiaJ2-LI-India,India J2,LI,5,5,5,Javelist,,India,,green,,SPQR,
Meroes-Leader-India,Meroes,Leader,6,,,,,India,,green,,SPQR,
Porus-Leader-India,Porus,Leader,6,,,,,India,,green,,SPQR,
Spitaces-Leader-India,Spitaces,Leader,6,,,,,India,,green,,SPQR,
IndiaJ3-LI-India,India J3,LI,5,5,5,Javelist,,India,,green,,SPQR,
IndiaJ4-LI-India,India J4,LI,5,5,5,Javelist,,India,,green,,SPQR,
IndiaJ5-LI-India,India J5,LI,5,5,5,Javelist,,India,,green,,SPQR,
IndiaJ6-LI-India,India J6,LI,5,5,5,Javelist,,India,,green,,SPQR,
IndiaJ7-LI-India,India J7,LI,5,5,5,Javelist,,India,,green,,SPQR,
IndiaJ8-LI-India,India J8,LI,5,5,5,Javelist,,India,,green,,SPQR,
IndiaJ9-LI-India,India J9,LI,5,5,5,Javelist,,India,,green,,SPQR,
IndiaJ10-LI-India,India J10,LI,5,5,5,Javelist,,India,,green,,SPQR,
IndiaJ11-LI-India,India J11,LI,5,5,5,Javelist,,India,,green,,SPQR,
IndiaJ12-LI-India,India J12,LI,5,5,5,Javelist,,India,,green,,SPQR,
IndiaJ13-LI-India,India J13,LI,5,5,5,Javelist,,India,,green,,SPQR,
IndiaJ14-LI-India,India J14,LI,5,5,5,Javelist,,India,,green,,SPQR,
IndiaJ15-LI-India,India J15,LI,5,5,5,Javelist,,India,,green,,SPQR,
IndiaJ16-LI-India,India J16,LI,5,5,5,Javelist,,India,,green,,SPQR,
Abisares-Leader-India,Abisares,Leader,6,,,,,India,,green,,SPQR,
Elephant-Dummy-India,Elephant,Dummy,1,0,0,,,India,,default,,SPQR,
Agrian1-SK-Macedon,Agrian 1,SK,6,1,6,Javelist,,Macedon,,red,,SPQR,
Agrian2-SK-Macedon,Agrian 2,SK,6,1,6,Javelist,,Macedon,,red,,SPQR,
AlexanderIII-Leader-Macedon,Alexander III,Leader,6,,,Heroic,,Macedon,,white,,SPQR,
Amyntas(4)-PH-Macedon,Amyntas (4),PH,7,10,4,,,Macedon,1,red,,SPQR,
Antigenes-Leader-Macedon,Antigenes,Leader,6,,,,,Macedon,,white,,SPQR,
Antigonus-Leader-Macedon,Antigonus,Leader,6,,,,,Macedon,,white,,SPQR,
AsiaMer-LC-Macedon,AsiaMer,LC,5,5,8,Archer,,Macedon,,red,,SPQR,
Attalus(10)-PH-Macedon,Attalus (10),PH,7,10,4,,,Macedon,1,red,,SPQR,
Bactrian-HC-Macedon,Bactrian,HC,7,4,8,,CAT,Macedon,,red,,SPQR,
Cleander-Leader-Macedon,Cleander,Leader,6,,,,,Macedon,,white,,SPQR,
Cleitus(8)-PH-Macedon,Cleitus (8),PH,7,10,4,,,Macedon,1,red,,SPQR,
Coenus-Leader-Macedon,Coenus,Leader,6,,,,,Macedon,,white,,SPQR,
Coenus(5)-PH-Macedon,Coenus (5),PH,7,10,4,,,Macedon,1,red,,SPQR,
Compan1-HC-Macedon,Compan 1,HC,8,4,8,,,Macedon,,red,,SPQR,
Compan2-HC-Macedon,Compan 2,HC,8,4,8,,,Macedon,,red,,SPQR,
Compan3-HC-Macedon,Compan 3,HC,8,4,8,,,Macedon,,red,,SPQR,
Compan4-HC-Macedon,Compan 4,HC,8,4,8,,,Macedon,,red,,SPQR,
CompanAgema-HC-Macedon,Compan Agema,HC,9,3,8,,,Macedon,,red,,SPQR,
CompanCoenus-HC-Macedon,Compan Coenus,HC,8,5,8,,,Macedon,,red,,SPQR,
CompanCraterus-HC-Macedon,Compan Craterus,HC,8,5,8,,,Macedon,,red,,SPQR,
CompanDemetris-HC-Macedon,Compan Demetris,HC,8,5,8,,,Macedon,,red,,SPQR,
CompanHphstion-HC-Macedon,Compan Hphstion,HC,8,5,8,,,Macedon,,red,,SPQR,
CompanPerdicas-HC-Macedon,Compan Perdicas,HC,8,5,8,,,Macedon,,red,,SPQR,
Craterus-Leader-Macedon,Craterus,Leader,6,,,,,Macedon,,white,,SPQR,
Craterus(1)-PH-Macedon,Craterus (1),PH,7,10,4,,,Macedon,1,red,,SPQR,
Create-SK-Macedon,Create,SK,4,1,6,Archer,,Macedon,,red,,SPQR,
Dahae1-LC-Macedon,Dahae 1,LC,6,4,8,Archer,,Macedon,,red,,SPQR,
Dahae2-LC-Macedon,Dahae 2,LC,6,4,8,Archer,,Macedon,,red,,SPQR,
Gorgias(9)-PH-Macedon,Gorgias (9),PH,7,10,4,,,Macedon,1,red,,SPQR,
GreekAllies1-HI-Macedon,Greek Allies 1,HI,5,10,4,,HO,Macedon,1,red,,SPQR,
GreekAllies2-HI-Macedon,Greek Allies 2,HI,5,10,4,,HO,Macedon,1,red,,SPQR,
GreekAllies3-HI-Macedon,Greek Allies 3,HI,5,10,4,,HO,Macedon,1,red,,SPQR,
GrkAlly1-LC-Macedon,Grk Ally 1,LC,5,3,8,Javelist,,Macedon,,red,,SPQR,
GrkAlly2-LC-Macedon,Grk Ally 2,LC,5,3,8,Javelist,,Macedon,,red,,SPQR,
GrkAlly3-LC-Macedon,Grk Ally 3,LC,6,4,8,Javelist,,Macedon,,red,,SPQR,
GrkAlly4-LC-Macedon,Grk Ally 4,LC,6,4,8,Javelist,,Macedon,,red,,SPQR,
Hypspt1-HI-Macedon,Hypspt 1,HI,8,6,5,,,Macedon,,red,,SPQR,
Hypspt2-HI-Macedon,Hypspt 2,HI,8,6,5,,,Macedon,,red,,SPQR,
Hypspt3-HI-Macedon,Hypspt 3,HI,8,6,5,,,Macedon,,red,,SPQR,
Hypspt4-HI-Macedon,Hypspt 4,HI,8,6,5,,,Macedon,,red,,SPQR,
Hypspt5-HI-Macedon,Hypspt 5,HI,8,6,5,,,Macedon,,red,,SPQR,
HypsptAgema-HI-Macedon,Hypspt Agema,HI,9,7,5,,,Macedon,,red,,SPQR,
Illyria-SK-Macedon,Illyria,SK,5,1,6,Javelist,,Macedon,,red,,SPQR,
Macedon-LN-Macedon,Macedon,LN,7,4,8,,,Macedon,,red,,SPQR,
Macedon-LC-Macedon,Macedon,LC,6,4,8,Javelist,,Macedon,,red,,SPQR,
Macedon1-SK-Macedon,Macedon 1,SK,4,1,6,Archer,,Macedon,,red,,SPQR,
Macedon2-SK-Macedon,Macedon 2,SK,4,1,6,Archer,,Macedon,,red,,SPQR,
Macedon3-SK-Macedon,Macedon 3,SK,4,1,6,Archer,,Macedon,,red,,SPQR,
Meleager(2)-PH-Macedon,Meleager (2),PH,7,10,4,,,Macedon,1,red,,SPQR,
Mercenary1-LP-Macedon,Mercenary 1,LP,5,5,5,Javelist,,Macedon,,red,,SPQR,
Mercenary2-LP-Macedon,Mercenary 2,LP,5,5,5,Javelist,,Macedon,,red,,SPQR,
Mercenary3-LP-Macedon,Mercenary 3,LP,5,5,5,Javelist,,Macedon,,red,,SPQR,
Mercenary4-LP-Macedon,Mercenary 4,LP,5,5,5,Javelist,,Macedon,,red,,SPQR,
Mercenary5-LP-Macedon,Mercenary 5,LP,5,5,5,Javelist,,Macedon,,red,,SPQR,
Nicanor-Leader-Macedon,Nicanor,Leader,6,,,,,Macedon,,white,,SPQR,
Paeonia1-LC-Macedon,Paeonia 1,LC,6,2,8,Javelist,,Macedon,,red,,SPQR,
Paeonia2-LC-Macedon,Paeonia 2,LC,6,3,8,Javelist,,Macedon,,red,,SPQR,
Parmenion-Leader-Macedon,Parmenion,Leader,6,,,,,Macedon,,white,,SPQR,
Perdiccas(6)-PH-Macedon,Perdiccas (6),PH,7,10,4,,,Macedon,1,red,,SPQR,
Philip(3)-PH-Macedon,Philip (3),PH,7,10,4,,,Macedon,1,red,,SPQR,
Prodrmi1-LN-Macedon,Prodrmi 1,LN,7,4,8,,,Macedon,,red,,SPQR,
Prodrmi2-LN-Macedon,Prodrmi 2,LN,7,3,8,,,Macedon,,red,,SPQR,
Prodrmi3-LN-Macedon,Prodrmi 3,LN,7,3,8,,,Macedon,,red,,SPQR,
Ptolemy(7)-PH-Macedon,Ptolemy (7),PH,7,10,4,,,Macedon,1,red,,SPQR,
Sacae1-LC-Macedon,Sacae 1,LC,6,5,8,Archer,,Macedon,,red,,SPQR,
Sacae2-LC-Macedon,Sacae 2,LC,6,5,8,Archer,,Macedon,,red,,SPQR,
Seleucus-Leader-Macedon,Seleucus,Leader,6,,,,,Macedon,,white,,SPQR,
Sogdia-LC-Macedon,Sogdia,LC,6,2,8,Javelist,,Macedon,,red,,SPQR,
Thessaly1-HC-Macedon,Thessaly 1,HC,7,4,8,,,Macedon,,red,,SPQR,
Thessaly2-HC-Macedon,Thessaly 2,HC,7,4,8,,,Macedon,,red,,SPQR,
Thessaly3-HC-Macedon,Thessaly 3,HC,7,4,8,,,Macedon,,red,,SPQR,
Thessaly4-HC-Macedon,Thessaly 4,HC,7,4,8,,,Macedon,,red,,SPQR,
Thessaly5-HC-Macedon,Thessaly 5,HC,7,4,8,,,Macedon,,red,,SPQR,
ThessalyElite-HC-Macedon,Thessaly Elite,HC,8,2,8,,,Macedon,,red,,SPQR,
Thrace1-LP-Macedon,Thrace 1,LP,5,5,5,Javelist,,Macedon,,red,,SPQR,
Thrace1-LC-Macedon,Thrace 1,LC,6,2,8,Javelist,,Macedon,,red,,SPQR,
Thrace2-LP-Macedon,Thrace 2,LP,5,5,5,Javelist,,Macedon,,red,,SPQR,
Thrace2-LC-Macedon,Thrace 2,LC,6,5,8,Javelist,,Macedon,,red,,SPQR,
Thrace3-LP-Macedon,Thrace 3,LP,5,5,5,Javelist,,Macedon,,red,,SPQR,
Thrace4-LP-Macedon,Thrace 4,LP,5,5,5,Javelist,,Macedon,,red,,SPQR,
Thrace5-LP-Macedon,Thrace 5,LP,5,5,5,Javelist,,Macedon,,red,,SPQR,
Thrace6-LP-Macedon,Thrace 6,LP,5,5,5,Javelist,,Macedon,,red,,SPQR,
AlexanderIII-Harizma-Macedon,Alexander III,Harizma,,,,,,Macedon,,yellow,,Alexander,
Sitalces-Leader-Macedon,Sitalces,Leader,6,,,,,Macedon,,white,,SPQR,
Attalus-Leader-Macedon,Attalus,Leader,6,,,,,Macedon,,white,,SPQR,
NmdiaB1-HI-Numidia,Nmdia 1,HI,6,5,4,,,Numidia,,brown,,SPQR,
NmdiaB2-HI-Numidia,Nmdia 2,HI,6,5,4,,,Numidia,,brown,,SPQR,
NmdiaB3-HI-Numidia,Nmdia 3,HI,6,5,4,,,Numidia,,brown,,SPQR,
NmdiaB4-HI-Numidia,Nmdia 4,HI,6,5,4,,,Numidia,,brown,,SPQR,
NmdLvy1-LI-Numidia,NmdLvy 1,LI,6,5,4,,,Numidia,,brown,,SPQR,
NmdLvy2-LI-Numidia,NmdLvy 2,LI,6,5,4,,,Numidia,,brown,,SPQR,
NmdLvy3-LI-Numidia,NmdLvy 3,LI,6,5,4,,,Numidia,,brown,,SPQR,
NmdLvy4-LI-Numidia,NmdLvy 4,LI,6,5,4,,,Numidia,,brown,,SPQR,
NmdiaB1-MI-Numidia,Nmdia 1,MI,6,5,5,,,Numidia,,brown_light,,SPQR,
NmdiaB2-MI-Numidia,Nmdia 2,MI,6,5,5,,,Numidia,,brown_light,,SPQR,
NmdiaB3-MI-Numidia,Nmdia 3,MI,6,5,5,,,Numidia,,brown_light,,SPQR,
NmdiaB4-MI-Numidia,Nmdia 4,MI,6,5,5,,,Numidia,,brown_light,,SPQR,
NmdiaB5-MI-Numidia,Nmdia 5,MI,6,5,5,,,Numidia,,brown_light,,SPQR,
NmdiaB6-MI-Numidia,Nmdia 6,MI,6,5,5,,,Numidia,,brown_light,,SPQR,
NmdiaB1-LI-Numidia,Nmdia 1,LI,6,3,5,,,Numidia,,brown_light,,SPQR,
NmdiaB2-LI-Numidia,Nmdia 2,LI,6,3,5,,,Numidia,,brown_light,,SPQR,
NmdiaB3-LI-Numidia,Nmdia 3,LI,6,3,5,,,Numidia,,brown_light,,SPQR,
NmdiaB4-LI-Numidia,Nmdia 4,LI,6,3,5,,,Numidia,,brown_light,,SPQR,
NmdiaB1-LC-Numidia,Nmdia 1,LC,8,4,9,Javelist,,Numidia,,brown_light,,SPQR,
NmdiaB2-LC-Numidia,Nmdia 2,LC,8,4,9,Javelist,,Numidia,,brown_light,,SPQR,
NmdiaB3-LC-Numidia,Nmdia 3,LC,8,4,9,Javelist,,Numidia,,brown_light,,SPQR,
NmdiaB4-LC-Numidia,Nmdia 4,LC,8,4,9,Javelist,,Numidia,,brown_light,,SPQR,
NmdiaB5-LC-Numidia,Nmdia 5,LC,8,4,9,Javelist,,Numidia,,brown_light,,SPQR,
NmdiaB6-LC-Numidia,Nmdia 6,LC,8,4,9,Javelist,,Numidia,,brown_light,,SPQR,
NmdiaB7-LC-Numidia,Nmdia 7,LC,8,4,9,Javelist,,Numidia,,brown_light,,SPQR,
NmdiaB8-LC-Numidia,Nmdia 8,LC,8,4,9,Javelist,,Numidia,,brown_light,,SPQR,
NmdiaB9-LC-Numidia,Nmdia 9,LC,8,4,9,Javelist,,Numidia,,brown_light,,SPQR,
NmdiaB10-LC-Numidia,Nmdia 10,LC,8,4,9,Javelist,,Numidia,,brown_light,,SPQR,
Nmdia1-LC-Numidia,Nmdia 1,LC,6,4,8,Javelist,,Numidia,,green,,SPQR,
Nmdia2-LC-Numidia,Nmdia 2,LC,6,4,8,Javelist,,Numidia,,green,,SPQR,
Nmdia3-LC-Numidia,Nmdia 3,LC,6,3,8,Javelist,,Numidia,,green,,SPQR,
Nmdia4-LC-Numidia,Nmdia 4,LC,6,3,8,Javelist,,Numidia,,green,,SPQR,
Nmdia5-LC-Numidia,Nmdia 5,LC,6,3,8,Javelist,,Numidia,,green,,SPQR,
Nmdia6-LC-Numidia,Nmdia 6,LC,6,3,8,Javelist,,Numidia,,green,,SPQR,
Nmdia7-LC-Numidia,Nmdia 7,LC,6,3,8,Javelist,,Numidia,,green,,SPQR,
Nmdia8-LC-Numidia,Nmdia 8,LC,6,3,8,Javelist,,Numidia,,green,,SPQR,
Nmdia9-LC-Numidia,Nmdia 9,LC,6,3,8,Javelist,,Numidia,,green,,SPQR,
Nmdia10-LC-Numidia,Nmdia 10,LC,6,3,8,Javelist,,Numidia,,green,,SPQR,
Nmdia11-LC-Numidia,Nmdia 11,LC,6,2,8,Javelist,,Numidia,,green,,SPQR,
Nmdia12-LC-Numidia,Nmdia 12,LC,6,2,8,Javelist,,Numidia,,green,,SPQR,
Nmdia13-LC-Numidia,Nmdia 13,LC,6,2,8,Javelist,,Numidia,,green,,SPQR,
Nmdia14-LC-Numidia,Nmdia 14,LC,6,2,8,Javelist,,Numidia,,green,,SPQR,
Nmdia15-LC-Numidia,Nmdia 15,LC,6,2,8,Javelist,,Numidia,,green,,SPQR,
Nmdia16-LC-Numidia,Nmdia 16,LC,6,2,8,Javelist,,Numidia,,green,,SPQR,
Nmdia17-LC-Numidia,Nmdia 17,LC,6,2,8,Javelist,,Numidia,,green,,SPQR,
Nmdia18-LC-Numidia,Nmdia 18,LC,6,2,8,Javelist,,Numidia,,green,,SPQR,
Nmdia19-LC-Numidia,Nmdia 19,LC,6,2,8,Javelist,,Numidia,,green,,SPQR,
Nmdia20-LC-Numidia,Nmdia 20,LC,6,2,8,Javelist,,Numidia,,green,,SPQR,
Nmdia21-LC-Numidia,Nmdia 21,LC,6,2,8,Javelist,,Numidia,,green,,SPQR,
Nmdia22-LC-Numidia,Nmdia 22,LC,6,2,8,Javelist,,Numidia,,green,,SPQR,
Nmdia23-LC-Numidia,Nmdia 23,LC,6,2,8,Javelist,,Numidia,,green,,SPQR,
Nmdia24-LC-Numidia,Nmdia 24,LC,6,2,8,Javelist,,Numidia,,green,,SPQR,
Nmdia25-LC-Numidia,Nmdia 25,LC,6,2,8,Javelist,,Numidia,,green,,SPQR,
Nmdia26-LC-Numidia,Nmdia 26,LC,6,2,8,Javelist,,Numidia,,green,,SPQR,
Nmdia27-LC-Numidia,Nmdia 27,LC,6,2,8,Javelist,,Numidia,,green,,SPQR,
Nmdia28-LC-Numidia,Nmdia 28,LC,6,2,8,Javelist,,Numidia,,green,,SPQR,
Nmdia29-LC-Numidia,Nmdia 29,LC,6,2,8,Javelist,,Numidia,,green,,SPQR,
Nmdia30-LC-Numidia,Nmdia 30,LC,6,2,8,Javelist,,Numidia,,green,,SPQR,
Albania1-LN-Persia,Albania 1,LN,6,5,8,,,Persia,,blue,,SPQR,
Albania2-LN-Persia,Albania 2,LN,6,5,8,,,Persia,,blue,,SPQR,
Arabia1-SK-Persia,Arabia 1,SK,4,1,6,Archer,,Persia,,blue,,SPQR,
Arabia2-SK-Persia,Arabia 2,SK,4,1,6,Archer,,Persia,,blue,,SPQR,
Arabia3-SK-Persia,Arabia 3,SK,4,1,6,Archer,,Persia,,blue,,SPQR,
Arabia4-SK-Persia,Arabia 4,SK,4,1,6,Archer,,Persia,,blue,,SPQR,
Archsia1-LC-Persia,Archsia 1,LC,6,5,8,Javelist,,Persia,,blue,,SPQR,
Archsia2-LC-Persia,Archsia 2,LC,6,5,8,Javelist,,Persia,,blue,,SPQR,
Archsia3-LC-Persia,Archsia 3,LC,6,5,8,Javelist,,Persia,,blue,,SPQR,
Archsia4-LC-Persia,Archsia 4,LC,6,5,8,Javelist,,Persia,,blue,,SPQR,
Armenia1-LC-Persia,Armenia 1,LC,6,5,8,Javelist,,Persia,,blue,,SPQR,
Armenia2-LC-Persia,Armenia 2,LC,6,5,8,Javelist,,Persia,,blue,,SPQR,
Armenia3-LC-Persia,Armenia 3,LC,6,5,8,Javelist,,Persia,,blue,,SPQR,
Armenia4-LC-Persia,Armenia 4,LC,6,5,8,Javelist,,Persia,,blue,,SPQR,
Arsites-Leader-Persia,Arsites,Leader,6,,,,,Persia,,blue,,SPQR,
AsiaLvy1-LI-Persia,AsiaLvy 1,LI,3,5,5,Javelist,,Persia,,blue,,SPQR,
AsiaLvy10-LI-Persia,AsiaLvy 10,LI,3,5,5,Javelist,,Persia,,blue,,SPQR,
AsiaLvy11-LI-Persia,AsiaLvy 11,LI,3,5,5,Javelist,,Persia,,blue,,SPQR,
AsiaLvy12-LI-Persia,AsiaLvy 12,LI,3,5,5,Javelist,,Persia,,blue,,SPQR,
AsiaLvy13-LI-Persia,AsiaLvy 13,LI,3,5,5,Javelist,,Persia,,blue,,SPQR,
AsiaLvy14-LI-Persia,AsiaLvy 14,LI,3,5,5,Javelist,,Persia,,blue,,SPQR,
AsiaLvy2-LI-Persia,AsiaLvy 2,LI,3,5,5,Javelist,,Persia,,blue,,SPQR,
AsiaLvy3-LI-Persia,AsiaLvy 3,LI,3,5,5,Javelist,,Persia,,blue,,SPQR,
AsiaLvy4-LI-Persia,AsiaLvy 4,LI,3,5,5,Javelist,,Persia,,blue,,SPQR,
AsiaLvy5-LI-Persia,AsiaLvy 5,LI,3,5,5,Javelist,,Persia,,blue,,SPQR,
AsiaLvy6-LI-Persia,AsiaLvy 6,LI,3,5,5,Javelist,,Persia,,blue,,SPQR,
AsiaLvy7-LI-Persia,AsiaLvy 7,LI,3,5,5,Javelist,,Persia,,blue,,SPQR,
AsiaLvy8-LI-Persia,AsiaLvy 8,LI,3,5,5,Javelist,,Persia,,blue,,SPQR,
AsiaLvy9-LI-Persia,AsiaLvy 9,LI,3,5,5,Javelist,,Persia,,blue,,SPQR,
Atropates-Leader-Persia,Atropates,Leader,6,,,,,Persia,,blue,,SPQR,
Babyln1-LI-Persia,Babyln 1,LI,3,5,5,Javelist,,Persia,,blue,,SPQR,
Babyln2-LI-Persia,Babyln 2,LI,3,5,5,Javelist,,Persia,,blue,,SPQR,
Babyln3-LI-Persia,Babyln 3,LI,3,5,5,Javelist,,Persia,,blue,,SPQR,
Babyln4-LI-Persia,Babyln 4,LI,3,5,5,Javelist,,Persia,,blue,,SPQR,
Babyln5-LI-Persia,Babyln 5,LI,3,5,5,Javelist,,Persia,,blue,,SPQR,
Babyln6-LI-Persia,Babyln 6,LI,3,5,5,Javelist,,Persia,,blue,,SPQR,
Babyln7-LI-Persia,Babyln 7,LI,3,5,5,Javelist,,Persia,,blue,,SPQR,
Babyln8-LI-Persia,Babyln 8,LI,3,5,5,Javelist,,Persia,,blue,,SPQR,
Bactria1-HC-Persia,Bactria 1,HC,6,4,8,,CAT,Persia,,blue,,SPQR,
Bactria10-HC-Persia,Bactria 10,HC,7,5,8,,CAT,Persia,,blue,,SPQR,
Bactria11-HC-Persia,Bactria 11,HC,7,5,8,,CAT,Persia,,blue,,SPQR,
Bactria12-HC-Persia,Bactria 12,HC,7,5,8,,CAT,Persia,,blue,,SPQR,
Bactria13-HC-Persia,Bactria 13,HC,7,5,8,,CAT,Persia,,blue,,SPQR,
Bactria14-HC-Persia,Bactria 14,HC,7,5,8,,CAT,Persia,,blue,,SPQR,
Bactria15-HC-Persia,Bactria 15,HC,7,5,8,,CAT,Persia,,blue,,SPQR,
Bactria16-HC-Persia,Bactria 16,HC,7,5,8,,CAT,Persia,,blue,,SPQR,
Bactria17-HC-Persia,Bactria 17,HC,7,5,8,,CAT,Persia,,blue,,SPQR,
Bactria18-HC-Persia,Bactria 18,HC,7,5,8,,CAT,Persia,,blue,,SPQR,
Bactria19-HC-Persia,Bactria 19,HC,7,5,8,,CAT,Persia,,blue,,SPQR,
Bactria2-HC-Persia,Bactria 2,HC,6,4,8,,CAT,Persia,,blue,,SPQR,
Bactria20-HC-Persia,Bactria 20,HC,7,5,8,,CAT,Persia,,blue,,SPQR,
Bactria3-HC-Persia,Bactria 3,HC,6,4,8,,CAT,Persia,,blue,,SPQR,
Bactria4-HC-Persia,Bactria 4,HC,6,4,8,,CAT,Persia,,blue,,SPQR,
Bactria5-HC-Persia,Bactria 5,HC,6,4,8,,CAT,Persia,,blue,,SPQR,
Bactria6-HC-Persia,Bactria 6,HC,7,5,8,,CAT,Persia,,blue,,SPQR,
Bactria7-HC-Persia,Bactria 7,HC,7,5,8,,CAT,Persia,,blue,,SPQR,
Bactria8-HC-Persia,Bactria 8,HC,7,5,8,,CAT,Persia,,blue,,SPQR,
Bactria9-HC-Persia,Bactria 9,HC,7,5,8,,CAT,Persia,,blue,,SPQR,
Barsaentes-Leader-Persia,Barsaentes,Leader,6,,,,,Persia,,blue,,SPQR,
Bessuss-Leader-Persia,Bessuss,Leader,6,,,,,Persia,,blue,,SPQR,
BodyGrd-CH-Persia,BodyGrd,CH,7,5,7,Archer,,Persia,,blue,,SPQR,
Bupares-Leader-Persia,Bupares,Leader,6,,,,,Persia,,blue,,SPQR,
Caria1-LI-Persia,Caria 1,LI,4,5,5,Javelist,,Persia,,blue,,SPQR,
Caria1-LN-Persia,Caria 1,LN,6,5,8,,,Persia,,blue,,SPQR,
Caria2-LI-Persia,Caria 2,LI,4,5,5,Javelist,,Persia,,blue,,SPQR,
Caria3-LI-Persia,Caria 3,LI,4,5,5,Javelist,,Persia,,blue,,SPQR,
Cppdcia1-LC-Persia,Cppdcia 1,LC,6,5,8,Javelist,,Persia,,blue,,SPQR,
Cppdcia2-LC-Persia,Cppdcia 2,LC,6,5,8,Javelist,,Persia,,blue,,SPQR,
Cudasia1-LN-Persia,Cudasia 1,LN,6,5,8,,,Persia,,blue,,SPQR,
Cudasia2-LN-Persia,Cudasia 2,LN,6,5,8,,,Persia,,blue,,SPQR,
Dahae1-LC-Persia,Dahae 1,LC,6,5,8,Archer,,Persia,,blue,,SPQR,
Dahae2-LC-Persia,Dahae 2,LC,6,5,8,Archer,,Persia,,blue,,SPQR,
DariusIII-Leader-Persia,Darius III,Leader,6,,,,,Persia,,blue,,SPQR,
GrkMrc1-HI-Persia,GrkMrc 1,HI,6,5,4,,HO,Persia,,blue,,SPQR,
GrkMrc2-HI-Persia,GrkMrc 2,HI,6,5,4,,HO,Persia,,blue,,SPQR,
Hyrcnia1-LC-Persia,Hyrcnia 1,LC,6,4,8,Javelist,,Persia,,blue,,SPQR,
Hyrcnia1-LN-Persia,Hyrcnia 1,LN,6,5,8,,,Persia,,blue,,SPQR,
Hyrcnia2-LC-Persia,Hyrcnia 2,LC,6,4,8,Javelist,,Persia,,blue,,SPQR,
Hyrcnia2-LN-Persia,Hyrcnia 2,LN,6,5,8,,,Persia,,blue,,SPQR,
Hyrcnia3-LC-Persia,Hyrcnia 3,LC,6,4,8,Javelist,,Persia,,blue,,SPQR,
Hyrcnia4-LC-Persia,Hyrcnia 4,LC,6,4,8,Javelist,,Persia,,blue,,SPQR,
Hyrcnia5-LC-Persia,Hyrcnia 5,LC,5,4,8,Archer,,Persia,,blue,,SPQR,
Immortal1-MI-Persia,Immortal 1,MI,8,5,5,Archer,,Persia,,blue,,SPQR,
Immortal2-MI-Persia,Immortal 2,MI,8,5,5,Archer,,Persia,,blue,,SPQR,
Immortal3-MI-Persia,Immortal 3,MI,8,5,5,Archer,,Persia,,blue,,SPQR,
IndiaEL1-EL-Persia,India EL 1,EL,4,5,7,Javelist,,Persia,,blue,,SPQR,
IndiaEL2-EL-Persia,India EL 2,EL,4,5,7,Javelist,,Persia,,blue,,SPQR,
IndiaEL3-EL-Persia,India EL 3,EL,4,5,7,Javelist,,Persia,,blue,,SPQR,
Bactria10-HC-Persia,Bactria 10,HC,7,5,8,,CAT,Persia,,blue,,SPQR,
Kinsmen1-HC-Persia,Kinsmen 1,HC,7,5,8,,,Persia,,blue,,SPQR,
Kinsmen2-HC-Persia,Kinsmen 2,HC,7,5,8,,,Persia,,blue,,SPQR,
Mardia1-SK-Persia,Mardia 1,SK,4,1,6,Archer,,Persia,,blue,,SPQR,
Mardia2-SK-Persia,Mardia 2,SK,4,1,6,Archer,,Persia,,blue,,SPQR,
Mazaeus-Leader-Persia,Mazaeus,Leader,6,,,,,Persia,,blue,,SPQR,
Media1-HC-Persia,Media 1,HC,7,5,8,,,Persia,,blue,,SPQR,
Media2-HC-Persia,Media 2,HC,7,5,8,,,Persia,,blue,,SPQR,
Media3-HC-Persia,Media 3,HC,7,5,8,,,Persia,,blue,,SPQR,
Msptmia1-LC-Persia,Msptmia 1,LC,6,5,8,Javelist,,Persia,,blue,,SPQR,
Msptmia2-LC-Persia,Msptmia 2,LC,6,5,8,Javelist,,Persia,,blue,,SPQR,
Parthia1-LC-Persia,Parthia 1,LC,7,5,8,Archer,,Persia,,blue,,SPQR,
Parthia2-LC-Persia,Parthia 2,LC,7,5,8,Archer,,Persia,,blue,,SPQR,
Parthia3-LC-Persia,Parthia 3,LC,6,5,8,Archer,,Persia,,blue,,SPQR,
Parthia4-LC-Persia,Parthia 4,LC,6,5,8,Archer,,Persia,,blue,,SPQR,
Persia1-CH-Persia,Persia 1,CH,5,3,7,Archer,,Persia,,blue,,SPQR,
Persia1-HC-Persia,Persia 1,HC,7,5,8,,CAT,Persia,,blue,,SPQR,
Persia10-CH-Persia,Persia 10,CH,5,3,7,Archer,,Persia,,blue,,SPQR,
Persia11-CH-Persia,Persia 11,CH,5,3,7,Archer,,Persia,,blue,,SPQR,
Persia12-CH-Persia,Persia 12,CH,5,3,7,Archer,,Persia,,blue,,SPQR,
Persia2-CH-Persia,Persia 2,CH,5,3,7,Archer,,Persia,,blue,,SPQR,
Persia2-HC-Persia,Persia 2,HC,7,5,8,,CAT,Persia,,blue,,SPQR,
Persia3-CH-Persia,Persia 3,CH,5,3,7,Archer,,Persia,,blue,,SPQR,
Persia4-CH-Persia,Persia 4,CH,5,3,7,Archer,,Persia,,blue,,SPQR,
Persia5-CH-Persia,Persia 5,CH,5,3,7,Archer,,Persia,,blue,,SPQR,
Persia6-CH-Persia,Persia 6,CH,5,3,7,Archer,,Persia,,blue,,SPQR,
Persia7-CH-Persia,Persia 7,CH,5,3,7,Archer,,Persia,,blue,,SPQR,
Persia8-CH-Persia,Persia 8,CH,5,3,7,Archer,,Persia,,blue,,SPQR,
Persia9-CH-Persia,Persia 9,CH,5,3,7,Archer,,Persia,,blue,,SPQR,
Phrataphernes-Leader-Persia,Phrataphernes,Leader,6,,,,,Persia,,blue,,SPQR,
RoylGd1-HC-Persia,RoylGd 1,HC,6,5,8,,,Persia,,blue,,SPQR,
RoylGd2-HC-Persia,RoylGd 2,HC,6,5,8,,,Persia,,blue,,SPQR,
RoylGd3-HC-Persia,RoylGd 3,HC,6,5,8,,,Persia,,blue,,SPQR,
Sacae1-LN-Persia,Sacae 1,LN,6,5,8,,,Persia,,blue,,SPQR,
Sacae1-LC-Persia,Sacae 1,LC,5,5,8,Archer,,Persia,,blue,,SPQR,
Sacae2-LN-Persia,Sacae 2,LN,6,5,8,,,Persia,,blue,,SPQR,
Sacae2-LC-Persia,Sacae 2,LC,5,5,8,Archer,,Persia,,blue,,SPQR,
Sacae3-LC-Persia,Sacae 3,LC,5,5,8,Archer,,Persia,,blue,,SPQR,
Sacae4-LC-Persia,Sacae 4,LC,5,5,8,Archer,,Persia,,blue,,SPQR,
Sitceni1-SK-Persia,Sitceni 1,SK,3,1,6,Archer,,Persia,,blue,,SPQR,
Sitceni2-SK-Persia,Sitceni 2,SK,3,1,6,Archer,,Persia,,blue,,SPQR,
Sitceni3-SK-Persia,Sitceni 3,SK,3,1,6,Archer,,Persia,,blue,,SPQR,
Sitceni4-SK-Persia,Sitceni 4,SK,3,1,6,Archer,,Persia,,blue,,SPQR,
Sitceni5-SK-Persia,Sitceni 5,SK,3,1,6,Archer,,Persia,,blue,,SPQR,
Sitceni6-SK-Persia,Sitceni 6,SK,3,1,6,Archer,,Persia,,blue,,SPQR,
Sitceni7-SK-Persia,Sitceni 7,SK,3,1,6,Archer,,Persia,,blue,,SPQR,
Sitceni8-SK-Persia,Sitceni 8,SK,3,1,6,Archer,,Persia,,blue,,SPQR,
Susa1-HC-Persia,Susa 1,HC,7,5,8,,,Persia,,blue,,SPQR,
Susa2-HC-Persia,Susa 2,HC,7,5,8,,,Persia,,blue,,SPQR,
Syria1-LC-Persia,Syria 1,LC,6,5,8,Archer,,Persia,,blue,,SPQR,
Syria2-LC-Persia,Syria 2,LC,6,5,8,Archer,,Persia,,blue,,SPQR,
Tpuria1-LN-Persia,Tpuria 1,LN,6,5,8,,,Persia,,blue,,SPQR,
Tpuria2-LN-Persia,Tpuria 2,LN,6,5,8,,,Persia,,blue,,SPQR,
Uxia1-SK-Persia,Uxia 1,SK,3,1,6,Slinger,,Persia,,blue,,SPQR,
Uxia2-SK-Persia,Uxia 2,SK,3,1,6,Slinger,,Persia,,blue,,SPQR,
Uxia3-SK-Persia,Uxia 3,SK,3,1,6,Slinger,,Persia,,blue,,SPQR,
Uxia4-SK-Persia,Uxia 4,SK,3,1,6,Slinger,,Persia,,blue,,SPQR,
Uxia5-SK-Persia,Uxia 5,SK,3,1,6,Slinger,,Persia,,blue,,SPQR,
Syria1-SK-Persia,Syria 1,SK,5,1,6,Archer,,Persia,,blue,,SPQR,
Syria2-SK-Persia,Syria 2,SK,5,1,6,Archer,,Persia,,blue,,SPQR,
Syria3-SK-Persia,Syria 3,SK,5,1,6,Archer,,Persia,,blue,,SPQR,
Syria4-SK-Persia,Syria 4,SK,5,1,6,Archer,,Persia,,blue,,SPQR,
Susa1-SK-Persia,Susa 1,SK,5,1,6,Archer,,Persia,,blue,,SPQR,
Susa2-SK-Persia,Susa 2,SK,5,1,6,Archer,,Persia,,blue,,SPQR,
Susa3-SK-Persia,Susa 3,SK,5,1,6,Archer,,Persia,,blue,,SPQR,
Susa4-SK-Persia,Susa 4,SK,5,1,6,Archer,,Persia,,blue,,SPQR,
Media1-LC-Persia,Media 1,LC,6,4,8,Javelist,,Persia,,blue,,SPQR,
Media2-LC-Persia,Media 2,LC,6,4,8,Javelist,,Persia,,blue,,SPQR,
Media3-LC-Persia,Media 3,LC,6,4,8,Javelist,,Persia,,blue,,SPQR,
Media4-LC-Persia,Media 4,LC,6,4,8,Javelist,,Persia,,blue,,SPQR,
Media5-LC-Persia,Media 5,LC,5,4,8,Archer,,Persia,,blue,,SPQR,
Nabarzanes-Leader-Persia,Nabarzanes,Leader,6,,,,,Persia,,blue,,SPQR,
Persia1-LC-Persia,Persia 1,LC,6,5,8,Javelist,,Persia,,blue,,SPQR,
Persia2-LC-Persia,Persia 2,LC,6,5,8,Javelist,,Persia,,blue,,SPQR,
Persia3-LC-Persia,Persia 3,LC,6,5,8,Javelist,,Persia,,blue,,SPQR,
Persia4-LC-Persia,Persia 4,LC,6,5,8,Javelist,,Persia,,blue,,SPQR,
Persia5-LC-Persia,Persia 5,LC,5,5,8,Archer,,Persia,,blue,,SPQR,
Thymondas-Leader-Persia,Thymondas,Leader,6,,,,,Persia,,blue,,SPQR,
GreekMerc1-HI-Persia,Greek Merc 1,HI,6,10,4,,HO,Persia,1,blue,,SPQR,
GreekMerc2-HI-Persia,Greek Merc 2,HI,6,10,4,,HO,Persia,1,blue,,SPQR,
GreekMerc3-HI-Persia,Greek Merc 3,HI,6,10,4,,HO,Persia,1,blue,,SPQR,
GreekMerc4-HI-Persia,Greek Merc 4,HI,6,10,4,,HO,Persia,1,blue,,SPQR,
GreekMerc5-HI-Persia,Greek Merc 5,HI,6,10,4,,HO,Persia,1,blue,,SPQR,
GreekMerc6-HI-Persia,Greek Merc 6,HI,6,10,4,,HO,Persia,1,blue,,SPQR,
GreekMerc7-HI-Persia,Greek Merc 7,HI,6,10,4,,HO,Persia,1,blue,,SPQR,
GreekMerc8-HI-Persia,Greek Merc 8,HI,6,10,4,,HO,Persia,1,blue,,SPQR,
Aristomedes-Leader-Persia,Aristomedes,Leader,6,,,,,Persia,,blue,,SPQR,
Cardaces1-LP-Persia,Cardaces 1,LP,5,10,4,,CAT,Persia,1,blue,,SPQR,
Cardaces2-LP-Persia,Cardaces 2,LP,5,10,4,,CAT,Persia,1,blue,,SPQR,
Cardaces3-LP-Persia,Cardaces 3,LP,5,10,4,,CAT,Persia,1,blue,,SPQR,
Cardaces4-LP-Persia,Cardaces 4,LP,5,10,4,,CAT,Persia,1,blue,,SPQR,
Cardaces5-LP-Persia,Cardaces 5,LP,5,10,4,,CAT,Persia,1,blue,,SPQR,
Cardaces6-LP-Persia,Cardaces 6,LP,5,10,4,,CAT,Persia,1,blue,,SPQR,
Cardaces7-LP-Persia,Cardaces 7,LP,5,10,4,,CAT,Persia,1,blue,,SPQR,
Cardaces8-LP-Persia,Cardaces 8,LP,5,10,4,,CAT,Persia,1,blue,,SPQR,
Cardaces9-LP-Persia,Cardaces 9,LP,5,10,4,,CAT,Persia,1,blue,,SPQR,
Cardaces10-LP-Persia,Cardaces 10,LP,5,10,4,,CAT,Persia,1,blue,,SPQR,
Rheomithres-Leader-Persia,Rheomithres,Leader,6,,,,,Persia,,blue,,SPQR,
Rhodes1-SK-Persia,Rhodes 1,SK,5,1,6,Slinger,,Persia,,blue,,SPQR,
Rhodes2-SK-Persia,Rhodes 2,SK,5,1,6,Slinger,,Persia,,blue,,SPQR,
Rhodes3-SK-Persia,Rhodes 3,SK,5,1,6,Slinger,,Persia,,blue,,SPQR,
Media1-SK-Persia,Media 1,SK,5,1,6,Archer,,Persia,,blue,,SPQR,
Media2-SK-Persia,Media 2,SK,5,1,6,Archer,,Persia,,blue,,SPQR,
Persia1-SK-Persia,Persia 1,SK,5,1,6,Javelist,,Persia,,blue,,SPQR,
Persia2-SK-Persia,Persia 2,SK,5,1,6,Javelist,,Persia,,blue,,SPQR,
Abatis-Dummy-Persia,Abatis,Dummy,1,0,0,,,Persia,,default,,SPQR,
Memnon-Leader-Persia,Memnon,Leader,6,,,,,Persia,,blue,,SPQR,
Arsames-Leader-Persia,Arsames,Leader,6,,,,,Persia,,blue,,SPQR,
Spithridates-Leader-Persia,Spithridates,Leader,6,,,,,Persia,,blue,,SPQR,
Pharnaces-Leader-Persia,Pharnaces,Leader,6,,,,,Persia,,blue,,SPQR,
Omares-Leader-Persia,Omares,Leader,6,,,,,Persia,,blue,,SPQR,
Memnon1-LC-Persia,Memnon 1,LC,6,4,8,Javelist,,Persia,,blue,,SPQR,
Memnon2-LC-Persia,Memnon 2,LC,6,4,8,Javelist,,Persia,,blue,,SPQR,
Memnon3-LC-Persia,Memnon 3,LC,6,4,8,Javelist,,Persia,,blue,,SPQR,
Memnon4-LC-Persia,Memnon 4,LC,6,4,8,Javelist,,Persia,,blue,,SPQR,
Memnon5-LC-Persia,Memnon 5,LC,5,4,8,Archer,,Persia,,blue,,SPQR,
Arsames1-LC-Persia,Arsames 1,LC,6,4,8,Javelist,,Persia,,blue,,SPQR,
Arsames2-LC-Persia,Arsames 2,LC,6,4,8,Javelist,,Persia,,blue,,SPQR,
Arsames3-LC-Persia,Arsames 3,LC,6,4,8,Javelist,,Persia,,blue,,SPQR,
Arsames4-LC-Persia,Arsames 4,LC,6,4,8,Javelist,,Persia,,blue,,SPQR,
Arsames5-LC-Persia,Arsames 5,LC,5,4,8,Archer,,Persia,,blue,,SPQR,
Paphign1-LC-Persia,Paphign 1,LC,6,4,8,Javelist,,Persia,,blue,,SPQR,
Paphign2-LC-Persia,Paphign 2,LC,6,4,8,Javelist,,Persia,,blue,,SPQR,
Paphign3-LC-Persia,Paphign 3,LC,6,4,8,Javelist,,Persia,,blue,,SPQR,
Paphign4-LC-Persia,Paphign 4,LC,6,4,8,Javelist,,Persia,,blue,,SPQR,
Paphign5-LC-Persia,Paphign 5,LC,6,4,8,Archer,,Persia,,blue,,SPQR,
Merc1-LP-Persia,Merc 1,LP,6,5,5,Javelist,,Persia,,blue,,SPQR,
Merc2-LP-Persia,Merc 2,LP,6,5,5,Javelist,,Persia,,blue,,SPQR,
AntolLvy1-LI-Persia,AntolLvy 1,LI,3,5,5,Javelist,,Persia,,blue,,SPQR,
AntolLvy2-LI-Persia,AntolLvy 2,LI,3,5,5,Javelist,,Persia,,blue,,SPQR,
AntolLvy3-LI-Persia,AntolLvy 3,LI,3,5,5,Javelist,,Persia,,blue,,SPQR,
AntolLvy4-LI-Persia,AntolLvy 4,LI,3,5,5,Javelist,,Persia,,blue,,SPQR,
AntolLvy5-LI-Persia,AntolLvy 5,LI,3,5,5,Archer,,Persia,,blue,,SPQR,
AntolLvy6-LI-Persia,AntolLvy 6,LI,3,5,5,Archer,,Persia,,blue,,SPQR,
Ia-LI-Rome,I a,LI,6,4,6,Javelist,VE,Rome,,red,1,SPQR,
Ib-LI-Rome,I b,LI,6,4,6,Javelist,VE,Rome,,red,1,SPQR,
Ic-LI-Rome,I c,LI,6,4,6,Javelist,VE,Rome,,red,1,SPQR,
AS/Ia-LI-Rome,AS/I a,LI,5,3,6,Javelist,VE,Rome,,red,1,SPQR,
AS/Ib-LI-Rome,AS/I b,LI,5,3,6,Javelist,VE,Rome,,red,1,SPQR,
HAIa-LG-Rome,I a,LG,7,3,5,Javelist,HA,Rome,,red,1,SPQR,
HAIb-LG-Rome,I b,LG,7,3,5,Javelist,HA,Rome,,red,1,SPQR,
HAIc-LG-Rome,I c,LG,7,3,5,Javelist,HA,Rome,,red,1,SPQR,
HAId-LG-Rome,I d,LG,7,3,5,Javelist,HA,Rome,,red,1,SPQR,
COAS/IIIa-LG-Rome,AS/III a,LG,6,3,5,Javelist,CO,Rome,,blue,3,SPQR,
COAS/IIIb-LG-Rome,AS/III b,LG,6,3,5,Javelist,CO,Rome,,blue,3,SPQR,
COAS/IIIc-LG-Rome,AS/III c,LG,6,3,5,Javelist,CO,Rome,,blue,3,SPQR,
COAS/IIId-LG-Rome,AS/III d,LG,6,3,5,Javelist,CO,Rome,,blue,3,SPQR,
COAS/IIIe-LG-Rome,AS/III e,LG,6,3,5,Javelist,CO,Rome,,blue,3,SPQR,
COAS/IIIf-LG-Rome,AS/III f,LG,6,3,5,Javelist,CO,Rome,,blue,3,SPQR,
COAS/IIIg-LG-Rome,AS/III g,LG,6,3,5,Javelist,CO,Rome,,blue,3,SPQR,
COAS/IIIh-LG-Rome,AS/III h,LG,6,3,5,Javelist,CO,Rome,,blue,3,SPQR,
COAS/IIIi-LG-Rome,AS/III i,LG,6,3,5,Javelist,CO,Rome,,blue,3,SPQR,
COAS/Ia-LG-Rome,AS/I a,LG,6,3,5,Javelist,CO,Rome,,red,1,SPQR,
COAS/Ib-LG-Rome,AS/I b,LG,6,3,5,Javelist,CO,Rome,,red,1,SPQR,
COAS/Ic-LG-Rome,AS/I c,LG,6,3,5,Javelist,CO,Rome,,red,1,SPQR,
COAS/Id-LG-Rome,AS/I d,LG,6,3,5,Javelist,CO,Rome,,red,1,SPQR,
COAS/Ie-LG-Rome,AS/I e,LG,6,3,5,Javelist,CO,Rome,,red,1,SPQR,
COAS/If-LG-Rome,AS/I f,LG,6,3,5,Javelist,CO,Rome,,red,1,SPQR,
COAS/Ig-LG-Rome,AS/I g,LG,6,3,5,Javelist,CO,Rome,,red,1,SPQR,
COAS/Ih-LG-Rome,AS/I h,LG,6,3,5,Javelist,CO,Rome,,red,1,SPQR,
COAS/Ii-LG-Rome,AS/I i,LG,6,3,5,Javelist,CO,Rome,,red,1,SPQR,
PRIa-LG-Rome,I a,LG,9,3,5,Javelist,PR,Rome,,red,1,SPQR,
PRIb-LG-Rome,I b,LG,8,3,5,Javelist,PR,Rome,,red,1,SPQR,
PRIc-LG-Rome,I c,LG,8,3,5,Javelist,PR,Rome,,red,1,SPQR,
PRId-LG-Rome,I d,LG,8,3,5,Javelist,PR,Rome,,red,1,SPQR,
CEAS/I-LG-Rome,AS/I,LG,6,5,5,Javelist,CE,Rome,,red,1,SPQR,
TRIa-HI-Rome,I a,HI,8,2,4,Javelist,TR,Rome,,red,1,SPQR,
TRIb-HI-Rome,I b,HI,8,2,4,Javelist,TR,Rome,,red,1,SPQR,
TRIc-HI-Rome,I c,HI,8,2,4,Javelist,TR,Rome,,red,1,SPQR,
TRIIIa-HI-Rome,III a,HI,7,2,4,Javelist,TR,Rome,,blue,3,SPQR,
TRIIIb-HI-Rome,III b,HI,7,2,4,Javelist,TR,Rome,,blue,3,SPQR,
TRIIIc-HI-Rome,III c,HI,7,2,4,Javelist,TR,Rome,,blue,3,SPQR,
TRAS/Ia-HI-Rome,AS/I a,HI,7,2,4,Javelist,TR,Rome,,red,1,SPQR,
TRAS/Ib-HI-Rome,AS/I b,HI,7,2,4,Javelist,TR,Rome,,red,1,SPQR,
I-RC-Rome,I,RC,6,3,8,,,Rome,,brown_light,1,SPQR,
AS/Ia-RC-Rome,AS/I a,RC,6,3,8,,,Rome,,brown_light,1,SPQR,
AS/Ib-RC-Rome,AS/I b,RC,6,3,8,,,Rome,,brown_light,1,SPQR,
AS/I-RC-Rome,AS/I,RC,7,3,8,,EX,Rome,,brown_light,1,SPQR,
AS/IIIa-RC-Rome,AS/III a,RC,6,3,8,,,Rome,,brown_light,3,SPQR,
AS/IIIb-RC-Rome,AS/III b,RC,6,3,8,,,Rome,,brown_light,3,SPQR,
AS/IIIc-RC-Rome,AS/III c,RC,6,3,8,,,Rome,,brown_light,3,SPQR,
Scipio-Leader-Rome,Scipio,Leader,6,,,,,Rome,,white,,SPQR,
TribuneAntonius-Leader-Rome,Tribune Antonius,Leader,6,,,,,Rome,,white,,SPQR,
TribuneCassius-Leader-Rome,Tribune Cassius,Leader,6,,,,,Rome,,white,,SPQR,
TribuneRebilus-Leader-Rome,Tribune Rebilus,Leader,6,,,,,Rome,,white,,SPQR,
Laelius-Leader-Rome,Laelius,Leader,6,,,,,Rome,,white,,SPQR,
Masinissa-Leader-Rome,Masinissa,Leader,6,,,,,Rome,,white,,SPQR,
Scythia1-LC-Scythia,Scythia 1,LC,6,4,8,Javelist,,Scythia,,yellow,,SPQR,
Scythia1-HC-Scythia,Scythia 1,HC,7,5,8,,CAT,Scythia,,yellow,,SPQR,
Scythia10-LC-Scythia,Scythia 10,LC,6,5,8,Javelist,,Scythia,,yellow,,SPQR,
Scythia11-LC-Scythia,Scythia 11,LC,6,5,8,Javelist,,Scythia,,yellow,,SPQR,
Scythia12-LC-Scythia,Scythia 12,LC,6,5,8,Javelist,,Scythia,,yellow,,SPQR,
Scythia13-LC-Scythia,Scythia 13,LC,6,5,8,Javelist,,Scythia,,yellow,,SPQR,
Scythia14-LC-Scythia,Scythia 14,LC,6,5,8,Javelist,,Scythia,,yellow,,SPQR,
Scythia15-LC-Scythia,Scythia 15,LC,6,5,8,Javelist,,Scythia,,yellow,,SPQR,
Scythia16-LC-Scythia,Scythia 16,LC,6,5,8,Javelist,,Scythia,,yellow,,SPQR,
Scythia17-LC-Scythia,Scythia 17,LC,6,5,8,Javelist,,Scythia,,yellow,,SPQR,
Scythia18-LC-Scythia,Scythia 18,LC,6,5,8,Javelist,,Scythia,,yellow,,SPQR,
Scythia19-LC-Scythia,Scythia 19,LC,6,5,8,Javelist,,Scythia,,yellow,,SPQR,
Scythia2-LC-Scythia,Scythia 2,LC,6,4,8,Javelist,,Scythia,,yellow,,SPQR,
Scythia2-HC-Scythia,Scythia 2,HC,7,5,8,,CAT,Scythia,,yellow,,SPQR,
Scythia20-LC-Scythia,Scythia 20,LC,6,5,8,Javelist,,Scythia,,yellow,,SPQR,
Scythia3-LC-Scythia,Scythia 3,LC,6,4,8,Javelist,,Scythia,,yellow,,SPQR,
Scythia4-LC-Scythia,Scythia 4,LC,6,4,8,Javelist,,Scythia,,yellow,,SPQR,
Scythia5-LC-Scythia,Scythia 5,LC,6,4,8,Javelist,,Scythia,,yellow,,SPQR,
Scythia6-LC-Scythia,Scythia 6,LC,6,5,8,Javelist,,Scythia,,yellow,,SPQR,
Scythia7-LC-Scythia,Scythia 7,LC,6,5,8,Javelist,,Scythia,,yellow,,SPQR,
Scythia8-LC-Scythia,Scythia 8,LC,6,5,8,Javelist,,Scythia,,yellow,,SPQR,
Scythia9-LC-Scythia,Scythia 9,LC,6,5,8,Javelist,,Scythia,,yellow,,SPQR,
Mithradates-Leader-Scythia,Mithradates,Leader,6,,,,,Scythia,,yellow,,SPQR,
Philip-Leader-Seleucid,Philip,Leader,6,,,,,Seleucid,,orange,,SPQR,
Antiochus III-Leader-Seleucid,Antiochus III,Leader,6,,,,,Seleucid,,orange,,SPQR,
Antipater-Leader-Seleucid,Antipater,Leader,6,,,,,Seleucid,,orange,,SPQR,
Hippolochus-Leader-Seleucid,Hippolochus,Leader,6,,,,,Seleucid,,orange,,SPQR,
Nicarchus-Leader-Seleucid,Nicarchus,Leader,6,,,,,Seleucid,,orange,,SPQR,
Zadbidelus-Leader-Seleucid,Zadbidelus,Leader,6,,,,,Seleucid,,orange,,SPQR,
Aspasianus-Leader-Seleucid,Aspasianus,Leader,6,,,,,Seleucid,,orange,,SPQR,
Themison-Leader-Seleucid,Themison,Leader,6,,,,,Seleucid,,orange,,SPQR,
Myicus-Leader-Seleucid,Myicus,Leader,6,,,,,Seleucid,,orange,,SPQR,
Agema1-HC-Seleucid,Agema 1,HC,8,5,8,,,Seleucid,,yellow,,SPQR,
Agema2-HC-Seleucid,Agema 2,HC,8,5,8,,,Seleucid,,yellow,,SPQR,
Companion1-HC-Seleucid,Companion 1,HC,8,5,8,,,Seleucid,,yellow,,SPQR,
Companion2-HC-Seleucid,Companion 2,HC,8,5,8,,,Seleucid,,yellow,,SPQR,
Seleucid1-LC-Seleucid,Seleucid 1,LC,7,5,8,Javelist,,Seleucid,,yellow,,SPQR,
Seleucid2-LC-Seleucid,Seleucid 2,LC,7,5,8,Javelist,,Seleucid,,yellow,,SPQR,
Seleucid3-LC-Seleucid,Seleucid 3,LC,7,5,8,Javelist,,Seleucid,,yellow,,SPQR,
Seleucid4-LC-Seleucid,Seleucid 4,LC,7,5,8,Javelist,,Seleucid,,yellow,,SPQR,
Seleucid5-LC-Seleucid,Seleucid 5,LC,6,5,8,Javelist,,Seleucid,,yellow,,SPQR,
Seleucid6-LC-Seleucid,Seleucid 6,LC,6,5,8,Javelist,,Seleucid,,yellow,,SPQR,
Seleucid7-LC-Seleucid,Seleucid 7,LC,6,5,8,Javelist,,Seleucid,,yellow,,SPQR,
Seleucid8-LC-Seleucid,Seleucid 8,LC,6,5,8,Javelist,,Seleucid,,yellow,,SPQR,
GrcMerc1-HI-Seleucid,Grc Merc 1,HI,6,7,5,,,Seleucid,,yellow,,SPQR,
GrcMerc2-HI-Seleucid,Grc Merc 2,HI,6,7,5,,,Seleucid,,yellow,,SPQR,
GrcMerc3-HI-Seleucid,Grc Merc 3,HI,6,7,5,,,Seleucid,,yellow,,SPQR,
GrcMerc4-HI-Seleucid,Grc Merc 4,HI,6,7,5,,,Seleucid,,yellow,,SPQR,
GrcMerc5-HI-Seleucid,Grc Merc 5,HI,6,7,5,,,Seleucid,,yellow,,SPQR,
Cil/Dahae1-LI-Seleucid,Cil/Dahae 1,LI,6,6,5,Javelist,,Seleucid,,yellow,,SPQR,
Cil/Dahae2-LI-Seleucid,Cil/Dahae 2,LI,6,6,5,Javelist,,Seleucid,,yellow,,SPQR,
Cil/Dahae3-LI-Seleucid,Cil/Dahae 3,LI,6,6,5,Javelist,,Seleucid,,yellow,,SPQR,
Seleucid1-PH-Seleucid,Seleucid 1,PH,6,10,4,,,Seleucid,1,yellow,,Alexander,basic
Seleucid2-PH-Seleucid,Seleucid 2,PH,6,10,4,,,Seleucid,1,yellow,,Alexander,basic
Seleucid3-PH-Seleucid,Seleucid 3,PH,6,10,4,,,Seleucid,1,yellow,,Alexander,basic
Seleucid4-PH-Seleucid,Seleucid 4,PH,6,10,4,,,Seleucid,1,yellow,,Alexander,basic
Seleucid5-PH-Seleucid,Seleucid 5,PH,6,10,4,,,Seleucid,1,yellow,,Alexander,basic
Seleucid6-PH-Seleucid,Seleucid 6,PH,6,10,4,,,Seleucid,1,yellow,,Alexander,basic
Seleucid7-PH-Seleucid,Seleucid 7,PH,6,10,4,,,Seleucid,1,yellow,,Alexander,basic
Argyrasp1-PH-Seleucid,Argyrasp 1,PH,7,10,4,,,Seleucid,1,yellow,,Alexander,basic
Argyrasp2-PH-Seleucid,Argyrasp 2,PH,7,10,4,,,Seleucid,1,yellow,,Alexander,basic
Argyrasp3-PH-Seleucid,Argyrasp 3,PH,7,10,4,,,Seleucid,1,yellow,,Alexander,basic
Arab1-LI-Seleucid,Arab 1,LI,4,7,5,Javelist,,Seleucid,,yellow,,SPQR,
Arab2-LI-Seleucid,Arab 2,LI,4,7,5,Javelist,,Seleucid,,yellow,,SPQR,
Arab3-LI-Seleucid,Arab 3,LI,4,7,5,Javelist,,Seleucid,,yellow,,SPQR,
Arab4-LI-Seleucid,Arab 4,LI,4,7,5,Javelist,,Seleucid,,yellow,,SPQR,
Arab5-LI-Seleucid,Arab 5,LI,4,7,5,Javelist,,Seleucid,,yellow,,SPQR,
Arab6-LI-Seleucid,Arab 6,LI,4,7,5,Javelist,,Seleucid,,yellow,,SPQR,
Arab7-LI-Seleucid,Arab 7,LI,4,7,5,Javelist,,Seleucid,,yellow,,SPQR,
Thrace-LI-Seleucid,Thrace,LI,5,7,5,Javelist,,Seleucid,,yellow,,SPQR,
Cadusia-LI-Seleucid,Cadusia,LI,5,7,5,Javelist,,Seleucid,,yellow,,SPQR,
Medea-LI-Seleucid,Medea,LI,5,7,5,Javelist,,Seleucid,,yellow,,SPQR,
Cissia-LI-Seleucid,Cissia,LI,5,7,5,Javelist,,Seleucid,,yellow,,SPQR,
Carmania-LI-Seleucid,Carmania,LI,5,7,5,Javelist,,Seleucid,,yellow,,SPQR,
PhalanxSize-Dummy-Seleucid,Phalanx Size,Dummy,0,10,0,,,Seleucid,,default,,Alexander,basic
Lidia/Car1-LI-Seleucid,Lidia/Car 1,LI,4,4,5,Javelist,,Seleucid,,yellow,,SPQR,
Lidia/Car2-LI-Seleucid,Lidia/Car 2,LI,4,4,5,Javelist,,Seleucid,,yellow,,SPQR,
Antigonus-Leader-Diadochoi,Antigonus,Leader,,,,,,Diadochoi,,blue_light,,SPQR,
Demetrius-Leader-Diadochoi,Demetrius,Leader,,,,,,Diadochoi,,blue_light,,SPQR,
Hippostratus-Leader-Diadochoi,Hippostratus,Leader,,,,,,Diadochoi,,blue_light,,SPQR,
Nicanor-Leader-Diadochoi,Nicanor,Leader,,,,,,Diadochoi,,blue_light,,SPQR,
Peithon-Leader-Diadochoi,Peithon,Leader,,,,,,Diadochoi,,blue_light,,SPQR,
Nearchus-Leader-Diadochoi,Nearchus,Leader,,,,,,Diadochoi,,blue_light,,SPQR,
AgemaAntigonus-HC-Diadochoi,Agema Antigonus,HC,8,3,8,,,Diadochoi,,blue_light,,SPQR,
GrkMerc1-LP-Diadochoi,Grk Merc 1,LP,5,5,5,Javelist,,Diadochoi,,blue,,SPQR,
GrkMerc2-LP-Diadochoi,Grk Merc 2,LP,5,5,5,Javelist,,Diadochoi,,blue,,SPQR,
GrkMerc3-LP-Diadochoi,Grk Merc 3,LP,5,5,5,Javelist,,Diadochoi,,blue,,SPQR,
GrkMerc4-LP-Diadochoi,Grk Merc 4,LP,5,5,5,Javelist,,Diadochoi,,blue,,SPQR,
GrkMerc5-LP-Diadochoi,Grk Merc 5,LP,5,5,5,Javelist,,Diadochoi,,blue,,SPQR,
Mixed1-PH-Diadochoi,Mixed 1,PH,6,10,4,,,Diadochoi,1,blue,,SPQR,
Mixed2-PH-Diadochoi,Mixed 2,PH,6,10,4,,,Diadochoi,1,blue,,SPQR,
Mixed3-PH-Diadochoi,Mixed 3,PH,6,10,4,,,Diadochoi,1,blue,,SPQR,
Mixed4-PH-Diadochoi,Mixed 4,PH,6,10,4,,,Diadochoi,1,blue,,SPQR,
Mixed5-PH-Diadochoi,Mixed 5,PH,6,10,4,,,Diadochoi,1,blue,,SPQR,
Macedonian1-PH-Diadochoi,Macedonian 1,PH,7,10,4,,,Diadochoi,1,blue,,SPQR,
Macedonian2-PH-Diadochoi,Macedonian 2,PH,7,10,4,,,Diadochoi,1,blue,,SPQR,
Macedonian3-PH-Diadochoi,Macedonian 3,PH,7,10,4,,,Diadochoi,1,blue,,SPQR,
Macedonian4-PH-Diadochoi,Macedonian 4,PH,7,10,4,,,Diadochoi,1,blue,,SPQR,
Macedonian5-PH-Diadochoi,Macedonian 5,PH,7,10,4,,,Diadochoi,1,blue,,SPQR,
Media-LC-Diadochoi,Media,LC,7,3,9,Archer,,Diadochoi,,blue,,SPQR,
Parthia-LC-Diadochoi,Parthia,LC,7,3,9,Archer,,Diadochoi,,blue,,SPQR,
Media1-LN-Diadochoi,Media 1,LN,7,2,8,,,Diadochoi,,blue,,SPQR,
Media2-LN-Diadochoi,Media 2,LN,7,4,8,,,Diadochoi,,blue,,SPQR,
Media3-LN-Diadochoi,Media 3,LN,6,5,8,,,Diadochoi,,blue,,SPQR,
Media4-LN-Diadochoi,Media 4,LN,6,5,8,,,Diadochoi,,blue,,SPQR,
Media5-LN-Diadochoi,Media 5,LN,6,5,8,,,Diadochoi,,blue,,SPQR,
Tarantn1-LC-Diadochoi,Tarantn 1,LC,7,5,8,Javelist,,Diadochoi,,blue,,SPQR,
Tarantn2-LC-Diadochoi,Tarantn 2,LC,7,5,8,Javelist,,Diadochoi,,blue,,SPQR,
Tarantn3-LC-Diadochoi,Tarantn 3,LC,7,5,8,Javelist,,Diadochoi,,blue,,SPQR,
Tarantn4-LC-Diadochoi,Tarantn 4,LC,7,5,8,Javelist,,Diadochoi,,blue,,SPQR,
Phyrgia-LC-Diadochoi,Phyrgia,LC,7,5,8,Javelist,,Diadochoi,,blue,,SPQR,
Lydia-LC-Diadochoi,Lydia,LC,7,5,8,Javelist,,Diadochoi,,blue,,SPQR,
Asthippoi-HC-Diadochoi,Asthippoi,HC,6,6,8,,,Diadochoi,,blue,,SPQR,
Mercnry-LN-Diadochoi,Mercnry,LN,7,5,8,,,Diadochoi,,blue,,SPQR,
Thrace1-LN-Diadochoi,Thrace 1,LN,7,5,8,,,Diadochoi,,blue,,SPQR,
Thrace2-LN-Diadochoi,Thrace 2,LN,7,5,8,,,Diadochoi,,blue,,SPQR,
AlliedGrk-LN-Diadochoi,Allied Grk,LN,7,5,8,,,Diadochoi,,blue,,SPQR,
Compan1-HC-Diadochoi,Compan 1,HC,7,5,8,,,Diadochoi,,blue,,SPQR,
Compan2-HC-Diadochoi,Compan 2,HC,7,5,8,,,Diadochoi,,blue,,SPQR,
Slave-LN-Diadochoi,Slave,LN,6,1,8,,,Diadochoi,,blue,,SPQR,
TarantnSlave-LN-Diadochoi,Tarantn Slave,LN,6,3,8,,,Diadochoi,,blue,,SPQR,
Eumenes-Leader-Diadochoi,Eumenes,Leader,,,,,,Diadochoi,,white,,SPQR,
Eudamus-Leader-Diadochoi,Eudamus,Leader,,,,,,Diadochoi,,white,,SPQR,
Teutamus-Leader-Diadochoi,Teutamus,Leader,,,,,,Diadochoi,,white,,SPQR,
Antigenes-Leader-Diadochoi,Antigenes,Leader,,,,,,Diadochoi,,white,,SPQR,
Tlepolemus-Leader-Macedon,Tlepolemus,Leader,,,,,,Macedon,,white,,SPQR,
Stasander-Leader-Macedon,Stasander,Leader,,,,,,Macedon,,white,,SPQR,
Amphimachus-Leader-Macedon,Amphimachus,Leader,,,,,,Macedon,,white,,SPQR,
Cephalon-Leader-Macedon,Cephalon,Leader,,,,,,Macedon,,white,,SPQR,
Auxiliary1-SK-Archer-Diadochoi-red,Auxiliary 1,SK,3,1,6,Archer,,Diadochoi,,red,,SPQR,
Auxiliary2-SK-Archer-Diadochoi-red,Auxiliary 2,SK,3,1,6,Archer,,Diadochoi,,red,,SPQR,
Auxiliary3-SK-Archer-Diadochoi-red,Auxiliary 3,SK,3,1,6,Archer,,Diadochoi,,red,,SPQR,
Auxiliary4-SK-Archer-Diadochoi-red,Auxiliary 4,SK,3,1,6,Archer,,Diadochoi,,red,,SPQR,
Auxiliary5-SK-Archer-Diadochoi-red,Auxiliary 5,SK,3,1,6,Archer,,Diadochoi,,red,,SPQR,
Auxiliary6-SK-Archer-Diadochoi-red,Auxiliary 6,SK,3,1,6,Archer,,Diadochoi,,red,,SPQR,
Auxiliary7-SK-Archer-Diadochoi-red,Auxiliary 7,SK,3,1,6,Archer,,Diadochoi,,red,,SPQR,
Auxiliary8-SK-Archer-Diadochoi-red,Auxiliary 8,SK,3,1,6,Archer,,Diadochoi,,red,,SPQR,
Auxiliary1-SK-Slinger-Diadochoi-red,Auxiliary 1,SK,3,1,6,Slinger,,Diadochoi,,red,,SPQR,
Auxiliary2-SK-Slinger-Diadochoi-red,Auxiliary 2,SK,3,1,6,Slinger,,Diadochoi,,red,,SPQR,
GrkMerc1-LP-Diadochoi-red,Grk Merc 1,LP,5,5,5,Javelist,,Diadochoi,,red,,SPQR,
GrkMerc2-LP-Diadochoi-red,Grk Merc 2,LP,5,5,5,Javelist,,Diadochoi,,red,,SPQR,
GrkMerc3-LP-Diadochoi-red,Grk Merc 3,LP,5,5,5,Javelist,,Diadochoi,,red,,SPQR,
GrkMerc4-LP-Diadochoi-red,Grk Merc 4,LP,5,5,5,Javelist,,Diadochoi,,red,,SPQR,
GrkMerc5-LP-Diadochoi-red,Grk Merc 5,LP,5,5,5,Javelist,,Diadochoi,,red,,SPQR,
India1-EL-Diadochoi-red,India 1,EL,6,5,7,Javelist,,Diadochoi,,red,,SPQR,
India2-EL-Diadochoi-red,India 2,EL,6,5,7,Javelist,,Diadochoi,,red,,SPQR,
India3-EL-Diadochoi-red,India 3,EL,6,5,7,Javelist,,Diadochoi,,red,,SPQR,
India4-EL-Diadochoi-red,India 4,EL,6,5,7,Javelist,,Diadochoi,,red,,SPQR,
India5-EL-Diadochoi-red,India 5,EL,6,5,7,Javelist,,Diadochoi,,red,,SPQR,
India6-EL-Diadochoi-red,India 6,EL,6,5,7,Javelist,,Diadochoi,,red,,SPQR,
India7-EL-Diadochoi-red,India 7,EL,6,5,7,Javelist,,Diadochoi,,red,,SPQR,
India8-EL-Diadochoi-red,India 8,EL,6,5,7,Javelist,,Diadochoi,,red,,SPQR,
India9-EL-Diadochoi-red,India 9,EL,6,5,7,Javelist,,Diadochoi,,red,,SPQR,
India10-EL-Diadochoi-red,India 10,EL,6,5,7,Javelist,,Diadochoi,,red,,SPQR,
India11-EL-Diadochoi-red,India 11,EL,6,5,7,Javelist,,Diadochoi,,red,,SPQR,
India12-EL-Diadochoi-red,India 12,EL,6,5,7,Javelist,,Diadochoi,,red,,SPQR,
India13-EL-Diadochoi-red,India 13,EL,6,5,7,Javelist,,Diadochoi,,red,,SPQR,
India14-EL-Diadochoi-red,India 14,EL,6,5,7,Javelist,,Diadochoi,,red,,SPQR,
India15-EL-Diadochoi-red,India 15,EL,6,5,7,Javelist,,Diadochoi,,red,,SPQR,
India16-EL-Diadochoi-red,India 16,EL,6,5,7,Javelist,,Diadochoi,,red,,SPQR,
India17-EL-Diadochoi-red,India 17,EL,6,5,7,Javelist,,Diadochoi,,red,,SPQR,
India18-EL-Diadochoi-red,India 18,EL,6,5,7,Javelist,,Diadochoi,,red,,SPQR,
India19-EL-Diadochoi-red,India 19,EL,6,5,7,Javelist,,Diadochoi,,red,,SPQR,
India20-EL-Diadochoi-red,India 20,EL,6,5,7,Javelist,,Diadochoi,,red,,SPQR,
India21-EL-Diadochoi-red,India 21,EL,6,5,7,Javelist,,Diadochoi,,red,,SPQR,
India22-EL-Diadochoi-red,India 22,EL,6,5,7,Javelist,,Diadochoi,,red,,SPQR,
India23-EL-Diadochoi-red,India 23,EL,6,5,7,Javelist,,Diadochoi,,red,,SPQR,
India24-EL-Diadochoi-red,India 24,EL,6,5,7,Javelist,,Diadochoi,,red,,SPQR,
India25-EL-Diadochoi-red,India 25,EL,6,5,7,Javelist,,Diadochoi,,red,,SPQR,
India26-EL-Diadochoi-red,India 26,EL,6,5,7,Javelist,,Diadochoi,,red,,SPQR,
India27-EL-Diadochoi-red,India 27,EL,6,5,7,Javelist,,Diadochoi,,red,,SPQR,
India28-EL-Diadochoi-red,India 28,EL,6,5,7,Javelist,,Diadochoi,,red,,SPQR,
India29-EL-Diadochoi-red,India 29,EL,6,5,7,Javelist,,Diadochoi,,red,,SPQR,
India30-EL-Diadochoi-red,India 30,EL,6,5,7,Javelist,,Diadochoi,,red,,SPQR,
India31-EL-Diadochoi-red,India 31,EL,6,5,7,Javelist,,Diadochoi,,red,,SPQR,
India32-EL-Diadochoi-red,India 32,EL,6,5,7,Javelist,,Diadochoi,,red,,SPQR,
India33-EL-Diadochoi-red,India 33,EL,6,5,7,Javelist,,Diadochoi,,red,,SPQR,
India34-EL-Diadochoi-red,India 34,EL,6,5,7,Javelist,,Diadochoi,,red,,SPQR,
India35-EL-Diadochoi-red,India 35,EL,6,5,7,Javelist,,Diadochoi,,red,,SPQR,
India36-EL-Diadochoi-red,India 36,EL,6,5,7,Javelist,,Diadochoi,,red,,SPQR,
India37-EL-Diadochoi-red,India 37,EL,6,5,7,Javelist,,Diadochoi,,red,,SPQR,
India38-EL-Diadochoi-red,India 38,EL,6,5,7,Javelist,,Diadochoi,,red,,SPQR,
India39-EL-Diadochoi-red,India 39,EL,6,5,7,Javelist,,Diadochoi,,red,,SPQR,
India40-EL-Diadochoi-red,India 40,EL,6,5,7,Javelist,,Diadochoi,,red,,SPQR,
India41-EL-Diadochoi-red,India 41,EL,6,5,7,Javelist,,Diadochoi,,red,,SPQR,
India42-EL-Diadochoi-red,India 42,EL,6,5,7,Javelist,,Diadochoi,,red,,SPQR,
India43-EL-Diadochoi-red,India 43,EL,6,5,7,Javelist,,Diadochoi,,red,,SPQR,
India44-EL-Diadochoi-red,India 44,EL,6,5,7,Javelist,,Diadochoi,,red,,SPQR,
India45-EL-Diadochoi-red,India 45,EL,6,5,7,Javelist,,Diadochoi,,red,,SPQR,
India46-EL-Diadochoi-red,India 46,EL,6,5,7,Javelist,,Diadochoi,,red,,SPQR,
India47-EL-Diadochoi-red,India 47,EL,6,5,7,Javelist,,Diadochoi,,red,,SPQR,
India48-EL-Diadochoi-red,India 48,EL,6,5,7,Javelist,,Diadochoi,,red,,SPQR,
India49-EL-Diadochoi-red,India 49,EL,6,5,7,Javelist,,Diadochoi,,red,,SPQR,
India50-EL-Diadochoi-red,India 50,EL,6,5,7,Javelist,,Diadochoi,,red,,SPQR,
India51-EL-Diadochoi-red,India 51,EL,6,5,7,Javelist,,Diadochoi,,red,,SPQR,
India52-EL-Diadochoi-red,India 52,EL,6,5,7,Javelist,,Diadochoi,,red,,SPQR,
India53-EL-Diadochoi-red,India 53,EL,6,5,7,Javelist,,Diadochoi,,red,,SPQR,
India54-EL-Diadochoi-red,India 54,EL,6,5,7,Javelist,,Diadochoi,,red,,SPQR,
India55-EL-Diadochoi-red,India 55,EL,6,5,7,Javelist,,Diadochoi,,red,,SPQR,
India56-EL-Diadochoi-red,India 56,EL,6,5,7,Javelist,,Diadochoi,,red,,SPQR,
India57-EL-Diadochoi-red,India 57,EL,6,5,7,Javelist,,Diadochoi,,red,,SPQR,
India58-EL-Diadochoi-red,India 58,EL,6,5,7,Javelist,,Diadochoi,,red,,SPQR,
India59-EL-Diadochoi-red,India 59,EL,6,5,7,Javelist,,Diadochoi,,red,,SPQR,
India60-EL-Diadochoi-red,India 60,EL,6,5,7,Javelist,,Diadochoi,,red,,SPQR,
Greek1-HI-Diadochoi-turquoise,Greek 1,HI,6,10,4,,HO,Diadochoi,,turquoise,,SPQR,
Greek2-HI-Diadochoi-turquoise,Greek 2,HI,6,10,4,,HO,Diadochoi,,turquoise,,SPQR,
Greek3-HI-Diadochoi-turquoise,Greek 3,HI,6,10,4,,HO,Diadochoi,,turquoise,,SPQR,
Greek4-HI-Diadochoi-turquoise,Greek 4,HI,6,10,4,,HO,Diadochoi,,turquoise,,SPQR,
Greek5-HI-Diadochoi-turquoise,Greek 5,HI,7,10,4,,HO,Diadochoi,,turquoise,,SPQR,
Greek6-HI-Diadochoi-turquoise,Greek 6,HI,7,10,4,,HO,Diadochoi,,turquoise,,SPQR,
Greek7-HI-Diadochoi-turquoise,Greek 7,HI,8,10,4,,HO,Diadochoi,,turquoise,,SPQR,
Greek8-HI-Diadochoi-turquoise,Greek 8,HI,6,10,4,,HO,Diadochoi,,turquoise,,SPQR,
Mixed1-PH-Diadochoi-red,Mixed 1,PH,6,10,4,,,Diadochoi,1,red,,SPQR,
Mixed2-PH-Diadochoi-red,Mixed 2,PH,6,10,4,,,Diadochoi,1,red,,SPQR,
Mixed3-PH-Diadochoi-red,Mixed 3,PH,6,10,4,,,Diadochoi,1,red,,SPQR,
Mixed4-PH-Diadochoi-red,Mixed 4,PH,6,10,4,,,Diadochoi,1,red,,SPQR,
Mixed5-PH-Diadochoi-red,Mixed 5,PH,6,10,4,,,Diadochoi,1,red,,SPQR,
Mixed6-PH-Diadochoi-red,Mixed 6,PH,6,10,4,,,Diadochoi,1,red,,SPQR,
Mixed7-PH-Diadochoi-red,Mixed 7,PH,6,10,4,,,Diadochoi,1,red,,SPQR,
Mixed8-PH-Diadochoi-red,Mixed 8,PH,6,10,4,,,Diadochoi,1,red,,SPQR,
Mixed9-PH-Diadochoi-red,Mixed 9,PH,6,10,4,,,Diadochoi,1,red,,SPQR,
Mixed10-PH-Diadochoi-red,Mixed 10,PH,6,10,4,,,Diadochoi,1,red,,SPQR,
Mixed11-PH-Diadochoi-red,Mixed 11,PH,6,10,4,,,Diadochoi,1,red,,SPQR,
Mixed12-PH-Diadochoi-red,Mixed 12,PH,6,10,4,,,Diadochoi,1,red,,SPQR,
Argyrspd1-PH-Diadochoi-red,Argyrspd 1,PH,8,5,5,,,Diadochoi,1,red,,SPQR,
Argyrspd2-PH-Diadochoi-red,Argyrspd 2,PH,8,5,5,,,Diadochoi,1,red,,SPQR,
Argyrspd3-PH-Diadochoi-red,Argyrspd 3,PH,8,5,5,,,Diadochoi,1,red,,SPQR,
Argyrspd4-PH-Diadochoi-red,Argyrspd 4,PH,8,5,5,,,Diadochoi,1,red,,SPQR,
Hypspst1-PH-Diadochoi-red,Hypspst 1,PH,7,5,5,,,Diadochoi,1,red,,SPQR,
Hypspst2-PH-Diadochoi-red,Hypspst 2,PH,7,5,5,,,Diadochoi,1,red,,SPQR,
Hypspst3-PH-Diadochoi-red,Hypspst 3,PH,7,5,5,,,Diadochoi,1,red,,SPQR,
Hypspst4-PH-Diadochoi-red,Hypspst 4,PH,7,5,5,,,Diadochoi,1,red,,SPQR,
AgemaEudamus-HC-Diadochoi-red,Agema Eudamus,HC,7,2,8,,,Diadochoi,,red,,SPQR,
India-LN-Diadochoi-red,India,LN,7,2,8,,,Diadochoi,,red,,SPQR,
Drangiana-LC-Javelist-Diadochoi-red,Drangiana,LC,6,5,8,Javelist,,Diadochoi,,red,,SPQR,
Areia-LC-Javelist-Diadochoi-red,Areia,LC,6,5,8,Javelist,,Diadochoi,,red,,SPQR,
Mesptmia-LC-Archer-Diadochoi-red,Mesptmia,LC,6,3,9,Archer,,Diadochoi,,red,,SPQR,
Arbelitis-LC-Archer-Diadochoi-red,Arbelitis,LC,6,3,9,Archer,,Diadochoi,,red,,SPQR,
Arachosia1-LC-Javelist-Diadochoi-red,Arachosia 1,LC,6,3,8,Javelist,,Diadochoi,,red,,SPQR,
Arachosia2-LC-Javelist-Diadochoi-red,Arachosia 2,LC,6,3,8,Javelist,,Diadochoi,,red,,SPQR,
Parapsdia-LC-Javelist-Diadochoi-red,Parapsdia,LC,6,5,8,Javelist,,Diadochoi,,red,,SPQR,
Thrace-LC-Javelist-Diadochoi-red,Thrace,LC,6,5,8,Javelist,,Diadochoi,,red,,SPQR,
Carmania1-HC-Diadochoi-red,Carmania 1,HC,7,4,8,,,Diadochoi,,red,,SPQR,
Carmania2-HC-Diadochoi-red,Carmania 2,HC,7,4,8,,,Diadochoi,,red,,SPQR,
Compan1-HC-Diadochoi-red,Compan 1,HC,7,5,8,,,Diadochoi,,red,,SPQR,
Compan2-HC-Diadochoi-red,Compan 2,HC,7,5,8,,,Diadochoi,,red,,SPQR,
AgemaPeuc/Ant-HC-Diadochoi-red,Agema Peuc/Ant,HC,7,3,8,,,Diadochoi,,red,,SPQR,
Elite1-HC-Diadochoi-red,Elite 1,HC,8,3,8,,,Diadochoi,,red,,SPQR,
Elite2-HC-Diadochoi-red,Elite 2,HC,8,2,8,,,Diadochoi,,red,,SPQR,
AgemaEumenes-HC-Diadochoi-red,Agema Eumenes,HC,7,3,8,,,Diadochoi,,red,,SPQR,
SlaveEumenes-LN-Diadochoi-red,Slave Eumenes,LN,6,1,8,,,Diadochoi,,red,,SPQR,
Elite3-LC-Archer-Diadochoi-red,Elite 3,LC,8,1,9,Archer,,Diadochoi,,red,,SPQR,
Persia1-LI-Archer-Diadochoi-red,Persia 1,LI,6,5,5,Archer,,Diadochoi,,red,,SPQR,
Persia2-LI-Archer-Diadochoi-red,Persia 2,LI,6,5,5,Archer,,Diadochoi,,red,,SPQR,
NmdiaGreen1-LC-Numidia,Nmdia 1,LC,8,4,9,Javelist,,Numidia,,green,,SPQR,
NmdiaGreen2-LC-Numidia,Nmdia 2,LC,8,4,9,Javelist,,Numidia,,green,,SPQR,
NmdiaGreen3-LC-Numidia,Nmdia 3,LC,8,4,9,Javelist,,Numidia,,green,,SPQR,
NmdiaGreen4-LC-Numidia,Nmdia 4,LC,8,4,9,Javelist,,Numidia,,green,,SPQR,
NmdiaGreen5-LC-Numidia,Nmdia 5,LC,8,4,9,Javelist,,Numidia,,green,,SPQR,
NmdiaGreen6-LC-Numidia,Nmdia 6,LC,8,4,9,Javelist,,Numidia,,green,,SPQR,
NmdiaGreen7-LC-Numidia,Nmdia 7,LC,8,4,9,Javelist,,Numidia,,green,,SPQR,
NmdiaGreen8-LC-Numidia,Nmdia 8,LC,8,4,9,Javelist,,Numidia,,green,,SPQR,
NmdiaGreen9-LC-Numidia,Nmdia 9,LC,8,4,9,Javelist,,Numidia,,green,,SPQR,
NmdiaGreen10-LC-Numidia,Nmdia 10,LC,8,4,9,Javelist,,Numidia,,green,,SPQR,
Celts-1-MI-turquoise-SPQR,Celts 1,MI,5,5,5,,,Celts,,turquoise,,SPQR,
Celts-2-MI-turquoise-SPQR,Celts 2,MI,5,5,5,,,Celts,,turquoise,,SPQR,
Celts-3-MI-turquoise-SPQR,Celts 3,MI,5,5,5,,,Celts,,turquoise,,SPQR,
Celts-4-MI-turquoise-SPQR,Celts 4,MI,5,5,5,,,Celts,,turquoise,,SPQR,
Celts-5-MI-turquoise-SPQR,Celts 5,MI,5,5,5,,,Celts,,turquoise,,SPQR,
Celts-6-MI-turquoise-SPQR,Celts 6,MI,5,5,5,,,Celts,,turquoise,,SPQR,
Celts-7-MI-turquoise-SPQR,Celts 7,MI,5,5,5,,,Celts,,turquoise,,SPQR,
Celts-8-MI-turquoise-SPQR,Celts 8,MI,5,5,5,,,Celts,,turquoise,,SPQR,
Celts-9-MI-turquoise-SPQR,Celts 9,MI,5,5,5,,,Celts,,turquoise,,SPQR,
Celts-10-MI-turquoise-SPQR,Celts 10,MI,5,5,5,,,Celts,,turquoise,,SPQR,
Celts-11-MI-turquoise-SPQR,Celts 11,MI,5,5,5,,,Celts,,turquoise,,SPQR,
Celts-12-MI-turquoise-SPQR,Celts 12,MI,5,5,5,,,Celts,,turquoise,,SPQR,
Celts-13-MI-turquoise-SPQR,Celts 13,MI,5,5,5,,,Celts,,turquoise,,SPQR,
Celts-14-MI-turquoise-SPQR,Celts 14,MI,5,5,5,,,Celts,,turquoise,,SPQR,
Celts-15-MI-turquoise-SPQR,Celts 15,MI,5,5,5,,,Celts,,turquoise,,SPQR,
Celts-16-MI-turquoise-SPQR,Celts 16,MI,5,5,5,,,Celts,,turquoise,,SPQR,
Celts-17-MI-turquoise-SPQR,Celts 17,MI,5,5,5,,,Celts,,turquoise,,SPQR,
Celts-18-MI-turquoise-SPQR,Celts 18,MI,5,5,5,,,Celts,,turquoise,,SPQR,
Celts-19-MI-turquoise-SPQR,Celts 19,MI,5,5,5,,,Celts,,turquoise,,SPQR,
Celts-20-MI-turquoise-SPQR,Celts 20,MI,5,5,5,,,Celts,,turquoise,,SPQR,
Celts-21-MI-turquoise-SPQR,Celts 21,MI,5,5,5,,,Celts,,turquoise,,SPQR,
Liguria-1-MI-turquoise-SPQR,Liguria 1,MI,6,4,5,,,Celts,,turquoise,,SPQR,
Liguria-2-MI-turquoise-SPQR,Liguria 2,MI,6,4,5,,,Celts,,turquoise,,SPQR,
Liguria-3-MI-turquoise-SPQR,Liguria 3,MI,6,4,5,,,Celts,,turquoise,,SPQR,
Liguria-4-MI-turquoise-SPQR,Liguria 4,MI,6,4,5,,,Celts,,turquoise,,SPQR,
Liguria-5-MI-turquoise-SPQR,Liguria 5,MI,6,4,5,,,Celts,,turquoise,,SPQR,
Liguria-6-MI-turquoise-SPQR,Liguria 6,MI,6,4,5,,,Celts,,turquoise,,SPQR,
Mrtnia-1-MI-Carthage-blue-SPQR,Mrtnia 1,MI,5,4,5,,,Carthage,,blue,,SPQR,
Mrtnia-2-MI-Carthage-blue-SPQR,Mrtnia 2,MI,5,4,5,,,Carthage,,blue,,SPQR,
Mrtnia-3-MI-Carthage-blue-SPQR,Mrtnia 3,MI,5,4,5,,,Carthage,,blue,,SPQR,
Mrtnia-4-MI-Carthage-blue-SPQR,Mrtnia 4,MI,5,4,5,,,Carthage,,blue,,SPQR,
N.Afra-1-LI-Carthage-blue-SPQR,N.Afra 1,LI,5,4,5,,,Carthage,,blue,,SPQR,
N.Afra-2-LI-Carthage-blue-SPQR,N.Afra 2,LI,5,4,5,,,Carthage,,blue,,SPQR,
N.Afra-3-LI-Carthage-blue-SPQR,N.Afra 3,LI,5,4,5,,,Carthage,,blue,,SPQR,
N.Afra-4-LI-Carthage-blue-SPQR,N.Afra 4,LI,5,4,5,,,Carthage,,blue,,SPQR,
N.Afra-5-LI-Carthage-blue-SPQR,N.Afra 5,LI,5,4,5,,,Carthage,,blue,,SPQR,
N.Afra-6-LI-Carthage-blue-SPQR,N.Afra 6,LI,5,4,5,,,Carthage,,blue,,SPQR,
Africa-1-PH-Carthage-SPQR,Africa 1,PH,7,10,4,,,Carthage,1,blue,,SPQR,
Africa-2-PH-Carthage-SPQR,Africa 2,PH,7,10,4,,,Carthage,1,blue,,SPQR,
Africa-3-PH-Carthage-SPQR,Africa 3,PH,7,10,4,,,Carthage,1,blue,,SPQR,
Africa-4-PH-Carthage-SPQR,Africa 4,PH,7,10,4,,,Carthage,1,blue,,SPQR,
Africa-5-PH-Carthage-SPQR,Africa 5,PH,7,10,4,,,Carthage,1,blue,,SPQR,
Africa-6-PH-Carthage-SPQR,Africa 6,PH,7,10,4,,,Carthage,1,blue,,SPQR,
Africa-7-PH-Carthage-SPQR,Africa 7,PH,7,10,4,,,Carthage,1,blue,,SPQR,
Bruttm-1-HI-Celts-turquoise-SPQR,Bruttm 1,HI,7,4,5,,,Celts,,turquoise,,SPQR,
Bruttm-2-HI-Celts-turquoise-SPQR,Bruttm 2,HI,7,4,5,,,Celts,,turquoise,,SPQR,
Bruttm-3-HI-Celts-turquoise-SPQR,Bruttm 3,HI,7,4,5,,,Celts,,turquoise,,SPQR,
Bruttm-4-HI-Celts-turquoise-SPQR,Bruttm 4,HI,7,4,5,,,Celts,,turquoise,,SPQR,
Bruttm-5-HI-Celts-turquoise-SPQR,Bruttm 5,HI,7,4,5,,,Celts,,turquoise,,SPQR,
Bruttm-6-HI-Celts-turquoise-SPQR,Bruttm 6,HI,7,4,5,,,Celts,,turquoise,,SPQR,
Bruttm-7-HI-Celts-turquoise-SPQR,Bruttm 7,HI,7,4,5,,,Celts,,turquoise,,SPQR,
Bruttm-8-HI-Celts-turquoise-SPQR,Bruttm 8,HI,7,4,5,,,Celts,,turquoise,,SPQR,
Bruttm-9-HI-Celts-turquoise-SPQR,Bruttm 9,HI,7,4,5,,,Celts,,turquoise,,SPQR,
Bruttm-10-HI-Celts-turquoise-SPQR,Bruttm 10,HI,7,4,5,,,Celts,,turquoise,,SPQR,
Bruttm-11-HI-Celts-turquoise-SPQR,Bruttm 11,HI,7,4,5,,,Celts,,turquoise,,SPQR,
Bruttm-12-HI-Celts-turquoise-SPQR,Bruttm 12,HI,7,4,5,,,Celts,,turquoise,,SPQR,
X-a-LI-VE-Rome-SPQR,X a,LI,5,4,6,Javelist,VE,Rome,,green,10,SPQR,
X-b-LI-VE-Rome-SPQR,X b,LI,5,4,6,Javelist,VE,Rome,,green,10,SPQR,
X-c-LI-VE-Rome-SPQR,X c,LI,5,4,6,Javelist,VE,Rome,,green,10,SPQR,
AS/X-a-LI-VE-Rome-SPQR,AS/X a,LI,5,3,6,Javelist,VE,Rome,,green,10,SPQR,
AS/X-b-LI-VE-Rome-SPQR,AS/X b,LI,5,3,6,Javelist,VE,Rome,,green,10,SPQR,
AS/VII-a-LG-CO-Rome-7-SPQR,AS/VII a,LG,5,3,5,Javelist,CO,Rome,,orange,7,SPQR,
AS/VII-b-LG-CO-Rome-7-SPQR,AS/VII b,LG,5,3,5,Javelist,CO,Rome,,orange,7,SPQR,
AS/VII-c-LG-CO-Rome-7-SPQR,AS/VII c,LG,5,3,5,Javelist,CO,Rome,,orange,7,SPQR,
AS/VII-d-LG-CO-Rome-7-SPQR,AS/VII d,LG,5,3,5,Javelist,CO,Rome,,orange,7,SPQR,
AS/VII-e-LG-CO-Rome-7-SPQR,AS/VII e,LG,5,3,5,Javelist,CO,Rome,,orange,7,SPQR,
AS/VII-f-LG-CO-Rome-7-SPQR,AS/VII f,LG,5,3,5,Javelist,CO,Rome,,orange,7,SPQR,
AS/VII-g-LG-CO-Rome-7-SPQR,AS/VII g,LG,5,3,5,Javelist,CO,Rome,,orange,7,SPQR,
AS/VII-h-LG-CO-Rome-7-SPQR,AS/VII h,LG,5,3,5,Javelist,CO,Rome,,orange,7,SPQR,
AS/VII-i-LG-CO-Rome-7-SPQR,AS/VII i,LG,5,3,5,Javelist,CO,Rome,,orange,7,SPQR,
AS/VII-LG-CE-Rome-7-SPQR,AS/VII,LG,6,5,5,Javelist,CE,Rome,,orange,7,SPQR,
AS/VII-a-HI-TR-Rome-7-SPQR,AS/VII a,HI,6,2,4,,TR,Rome,,orange,7,SPQR,
AS/VII-b-HI-TR-Rome-7-SPQR,AS/VII b,HI,6,2,4,,TR,Rome,,orange,7,SPQR,
X-a-LG-CO-Rome-green-10-SPQR,X a,LG,6,3,5,Javelist,CO,Rome,,green,10,SPQR,
X-b-LG-CO-Rome-green-10-SPQR,X b,LG,6,3,5,Javelist,CO,Rome,,green,10,SPQR,
X-c-LG-CO-Rome-green-10-SPQR,X c,LG,6,3,5,Javelist,CO,Rome,,green,10,SPQR,
X-d-LG-CO-Rome-green-10-SPQR,X d,LG,6,3,5,Javelist,CO,Rome,,green,10,SPQR,
AS/X-a-LG-CO-Rome-green-10-SPQR,AS/X a,LG,6,3,5,Javelist,CO,Rome,,green,10,SPQR,
AS/X-b-LG-CO-Rome-green-10-SPQR,AS/X b,LG,6,3,5,Javelist,CO,Rome,,green,10,SPQR,
AS/X-c-LG-CO-Rome-green-10-SPQR,AS/X c,LG,6,3,5,Javelist,CO,Rome,,green,10,SPQR,
AS/X-d-LG-CO-Rome-green-10-SPQR,AS/X d,LG,6,3,5,Javelist,CO,Rome,,green,10,SPQR,
AS/X-e-LG-CO-Rome-green-10-SPQR,AS/X e,LG,6,3,5,Javelist,CO,Rome,,green,10,SPQR,
AS/X-f-LG-CO-Rome-green-10-SPQR,AS/X f,LG,6,3,5,Javelist,CO,Rome,,green,10,SPQR,
AS/X-g-LG-CO-Rome-green-10-SPQR,AS/X g,LG,6,3,5,Javelist,CO,Rome,,green,10,SPQR,
AS/X-h-LG-CO-Rome-green-10-SPQR,AS/X h,LG,6,3,5,Javelist,CO,Rome,,green,10,SPQR,
AS/X-i-LG-CO-Rome-green-10-SPQR,AS/X i,LG,6,3,5,Javelist,CO,Rome,,green,10,SPQR,
AS/X-LG-CE-Rome-green-10-SPQR,AS/X,LG,7,5,5,Javelist,CE,Rome,,green,10,SPQR,
AS/X-a-HI-TR-Rome-green-10-SPQR,AS/X a,HI,7,2,4,,TR,Rome,,green,10,SPQR,
AS/X-b-HI-TR-Rome-green-10-SPQR,AS/X b,HI,7,2,4,,TR,Rome,,green,10,SPQR,
X-a-LG-PR-Rome-10-SPQR,X a,LG,8,3,5,Javelist,PR,Rome,,green,10,SPQR,
X-b-LG-PR-Rome-10-SPQR,X b,LG,7,3,5,Javelist,PR,Rome,,green,10,SPQR,
X-c-LG-PR-Rome-10-SPQR,X c,LG,7,3,5,Javelist,PR,Rome,,green,10,SPQR,
X-d-LG-PR-Rome-10-SPQR,X d,LG,7,3,5,Javelist,PR,Rome,,green,10,SPQR,
AS/XIV-a-LG-CO-Rome-green-14-SPQR,AS/XIV a,LG,5,3,5,Javelist,CO,Rome,,yellow,14,SPQR,
AS/XIV-b-LG-CO-Rome-green-14-SPQR,AS/XIV b,LG,5,3,5,Javelist,CO,Rome,,yellow,14,SPQR,
AS/XIV-c-LG-CO-Rome-green-14-SPQR,AS/XIV c,LG,5,3,5,Javelist,CO,Rome,,yellow,14,SPQR,
AS/XIV-d-LG-CO-Rome-green-14-SPQR,AS/XIV d,LG,5,3,5,Javelist,CO,Rome,,yellow,14,SPQR,
AS/XIV-e-LG-CO-Rome-green-14-SPQR,AS/XIV e,LG,5,3,5,Javelist,CO,Rome,,yellow,14,SPQR,
AS/XIV-f-LG-CO-Rome-green-14-SPQR,AS/XIV f,LG,5,3,5,Javelist,CO,Rome,,yellow,14,SPQR,
AS/XIV-g-LG-CO-Rome-green-14-SPQR,AS/XIV g,LG,5,3,5,Javelist,CO,Rome,,yellow,14,SPQR,
AS/XIV-h-LG-CO-Rome-green-14-SPQR,AS/XIV h,LG,5,3,5,Javelist,CO,Rome,,yellow,14,SPQR,
AS/XIV-i-LG-CO-Rome-green-14-SPQR,AS/XIV i,LG,5,3,5,Javelist,CO,Rome,,yellow,14,SPQR,
AS/XIV-LG-CE-Rome-green-14-SPQR,AS/XIV,LG,6,5,5,Javelist,CE,Rome,,yellow,14,SPQR,
X-a-HI-TR-Rome-10-SPQR,X a,HI,8,2,4,Javelist,TR,Rome,,green,10,SPQR,
X-b-HI-TR-Rome-10-SPQR,X b,HI,8,2,4,Javelist,TR,Rome,,green,10,SPQR,
X-c-HI-TR-Rome-10-SPQR,X c,HI,8,2,4,Javelist,TR,Rome,,green,10,SPQR,
AS/XV-a-LG-CO-Rome-15-SPQR,AS/XV a,LG,5,3,5,Javelist,CO,Rome,,brown,15,SPQR,
AS/XV-b-LG-CO-Rome-15-SPQR,AS/XV b,LG,5,3,5,Javelist,CO,Rome,,brown,15,SPQR,
AS/XV-c-LG-CO-Rome-15-SPQR,AS/XV c,LG,5,3,5,Javelist,CO,Rome,,brown,15,SPQR,
AS/XV-d-LG-CO-Rome-15-SPQR,AS/XV d,LG,5,3,5,Javelist,CO,Rome,,brown,15,SPQR,
AS/XV-e-LG-CO-Rome-15-SPQR,AS/XV e,LG,5,3,5,Javelist,CO,Rome,,brown,15,SPQR,
AS/XV-f-LG-CO-Rome-15-SPQR,AS/XV f,LG,5,3,5,Javelist,CO,Rome,,brown,15,SPQR,
AS/XV-g-LG-CO-Rome-15-SPQR,AS/XV g,LG,5,3,5,Javelist,CO,Rome,,brown,15,SPQR,
AS/XV-h-LG-CO-Rome-15-SPQR,AS/XV h,LG,5,3,5,Javelist,CO,Rome,,brown,15,SPQR,
AS/XV-i-LG-CO-Rome-15-SPQR,AS/XV i,LG,5,3,5,Javelist,CO,Rome,,brown,15,SPQR,
AS/XV-LG-CE-Rome-15-SPQR,AS/XV,LG,6,5,5,Javelist,CE,Rome,,brown,15,SPQR,
AS/XV-a-HI-TR-Rome-15-SPQR,AS/XV a,HI,6,2,4,,TR,Rome,,brown,15,SPQR,
AS/XV-b-HI-TR-Rome-15-SPQR,AS/XV b,HI,6,2,4,,TR,Rome,,brown,15,SPQR,
X-RC-Rome-10-SPQR,X,RC,5,3,8,,,Rome,,brown_light,10,SPQR,
AS/X-a-RC-Rome-10-SPQR,AS/X a,RC,6,3,8,,,Rome,,brown_light,10,SPQR,
AS/X-b-RC-Rome-10-SPQR,AS/X b,RC,6,3,8,,,Rome,,brown_light,10,SPQR,
AS/X-RC-EX-Rome-10-SPQR,AS/X,RC,7,3,8,,EX,Rome,,brown_light,10,SPQR,
Hannibal-Leader-Carthage-SPQR,Hannibal,Leader,,,,,,Carthage,,blue,,SPQR,
Tychaeues-Leader-Carthage-SPQR,Tychaeues,Leader,,,,,,Carthage,,green,,SPQR,
Hannibal-Harizma-Carthage-SPQR,Hannibal,Harizma,,,,,,Carthage,,yellow,,SPQR,
Scepion-Harizma-Rome-SPQR,Scepio,Harizma,,,,,,Rome,,yellow,,SPQR,
Africa-Zama1-EL-Africa-Zama,Africa 1,EL,4,5,7,Javelist,,Africa,,silver,,Alexander,Zama
Africa-Zama2-EL-Africa-Zama,Africa 2,EL,4,5,7,Javelist,,Africa,,silver,,Alexander,Zama
Africa-Zama3-EL-Africa-Zama,Africa 3,EL,4,5,7,Javelist,,Africa,,silver,,Alexander,Zama
Africa-Zama4-EL-Africa-Zama,Africa 4,EL,4,5,7,Javelist,,Africa,,silver,,Alexander,Zama
Africa-Zama5-EL-Africa-Zama,Africa 5,EL,4,5,7,Javelist,,Africa,,silver,,Alexander,Zama
Africa-Zama6-EL-Africa-Zama,Africa 6,EL,4,5,7,Javelist,,Africa,,silver,,Alexander,Zama
Africa-Zama7-EL-Africa-Zama,Africa 7,EL,4,5,7,Javelist,,Africa,,silver,,Alexander,Zama
Africa-Zama8-EL-Africa-Zama,Africa 8,EL,4,5,7,Javelist,,Africa,,silver,,Alexander,Zama
Africa-Zama9-EL-Africa-Zama,Africa 9,EL,4,5,7,Javelist,,Africa,,silver,,Alexander,Zama
Africa-Zama10-EL-Africa-Zama,Africa 10,EL,4,5,7,Javelist,,Africa,,silver,,Alexander,Zama
Africa-Zama11-EL-Africa-Zama,Africa 11,EL,4,5,7,Javelist,,Africa,,silver,,Alexander,Zama
Africa-Zama12-EL-Africa-Zama,Africa 12,EL,4,5,7,Javelist,,Africa,,silver,,Alexander,Zama
Africa-Zama13-EL-Africa-Zama,Africa 13,EL,4,5,7,Javelist,,Africa,,silver,,Alexander,Zama
Africa-Zama14-EL-Africa-Zama,Africa 14,EL,4,5,7,Javelist,,Africa,,silver,,Alexander,Zama
Africa-Zama15-EL-Africa-Zama,Africa 15,EL,4,5,7,Javelist,,Africa,,silver,,Alexander,Zama
Africa-Zama16-EL-Africa-Zama,Africa 16,EL,4,5,7,Javelist,,Africa,,silver,,Alexander,Zama
Egypt-Raphia1-PH-Egypt-Raphia,Egypt 1,PH,6,18,4,,,Egypt,1,turquoise,,Alexander,Raphia
Egypt-Raphia2-PH-Egypt-Raphia,Egypt 2,PH,6,18,4,,,Egypt,1,turquoise,,Alexander,Raphia
Egypt-Raphia3-PH-Egypt-Raphia,Egypt 3,PH,6,18,4,,,Egypt,1,turquoise,,Alexander,Raphia
Egypt-Raphia4-PH-Egypt-Raphia,Egypt 4,PH,6,18,4,,,Egypt,1,turquoise,,Alexander,Raphia
Egypt-Raphia5-PH-Egypt-Raphia,Egypt 5,PH,6,18,4,,,Egypt,1,turquoise,,Alexander,Raphia
Egypt-Raphia6-PH-Egypt-Raphia,Egypt 6,PH,6,18,4,,,Egypt,1,turquoise,,Alexander,Raphia
Egypt-Raphia7-PH-Egypt-Raphia,Egypt 7,PH,6,18,4,,,Egypt,1,turquoise,,Alexander,Raphia
Egypt-Raphia8-PH-Egypt-Raphia,Egypt 8,PH,6,18,4,,,Egypt,1,turquoise,,Alexander,Raphia
Macedonia1-PH-Egypt-Raphia,Macedonia 1,PH,6,18,4,,,Egypt,1,turquoise,,Alexander,Raphia
Macedonia2-PH-Egypt-Raphia,Macedonia 2,PH,6,18,4,,,Egypt,1,turquoise,,Alexander,Raphia
Seleucid-Raphia1-PH-Seleucid-Raphia,Seleucid 1,PH,6,20,4,,,Seleucid,1,yellow,,Alexander,Raphia
Seleucid-Raphia2-PH-Seleucid-Raphia,Seleucid 2,PH,6,20,4,,,Seleucid,1,yellow,,Alexander,Raphia
Seleucid-Raphia3-PH-Seleucid-Raphia,Seleucid 3,PH,6,20,4,,,Seleucid,1,yellow,,Alexander,Raphia
Seleucid-Raphia4-PH-Seleucid-Raphia,Seleucid 4,PH,6,20,4,,,Seleucid,1,yellow,,Alexander,Raphia
Seleucid-Raphia5-PH-Seleucid-Raphia,Seleucid 5,PH,6,20,4,,,Seleucid,1,yellow,,Alexander,Raphia
Seleucid-Raphia6-PH-Seleucid-Raphia,Seleucid 6,PH,6,20,4,,,Seleucid,1,yellow,,Alexander,Raphia
Seleucid-Raphia7-PH-Seleucid-Raphia,Seleucid 7,PH,6,20,4,,,Seleucid,1,yellow,,Alexander,Raphia
Argyrasp1-PH-Seleucid-Raphia,Argyrasp 1,PH,7,20,4,,,Seleucid,1,yellow,,Alexander,Raphia
Argyrasp2-PH-Seleucid-Raphia,Argyrasp 2,PH,7,20,4,,,Seleucid,1,yellow,,Alexander,Raphia
Argyrasp3-PH-Seleucid-Raphia,Argyrasp 3,PH,7,20,4,,,Seleucid,1,yellow,,Alexander,Raphia
III-RC-Rome,III,RC,5,3,8,,,Rome,,brown_light,3,SPQR,
Caria2-LN-Persia,Caria 2,LN,6,5,8,,,Persia,,blue,,SPQR,